-- phpMyAdmin SQL Dump
-- version 5.1.1deb5ubuntu1
-- https://www.phpmyadmin.net/
--
-- Host: localhost:3306
-- Generation Time: Jun 20, 2024 at 01:44 PM
-- Server version: 8.0.37-0ubuntu0.22.04.3
-- PHP Version: 8.1.2-1ubuntu2.17

SET SQL_MODE = "NO_AUTO_VALUE_ON_ZERO";
START TRANSACTION;
SET time_zone = "+00:00";


/*!40101 SET @OLD_CHARACTER_SET_CLIENT=@@CHARACTER_SET_CLIENT */;
/*!40101 SET @OLD_CHARACTER_SET_RESULTS=@@CHARACTER_SET_RESULTS */;
/*!40101 SET @OLD_COLLATION_CONNECTION=@@COLLATION_CONNECTION */;
/*!40101 SET NAMES utf8mb4 */;

--
-- Database: `muusikapood`
--

-- --------------------------------------------------------

--
-- Table structure for table `albumid`
--

CREATE TABLE `albumid` (
  `id` int NOT NULL,
  `artist` varchar(30) NOT NULL,
  `album` varchar(50) NOT NULL,
  `aasta` year NOT NULL,
  `hind` decimal(4,2) NOT NULL
) ENGINE=InnoDB DEFAULT CHARSET=utf8mb4 COLLATE=utf8mb4_0900_ai_ci;

--
-- Dumping data for table `albumid`
--

INSERT INTO `albumid` (`id`, `artist`, `album`, `aasta`, `hind`) VALUES
(2, 'Tasha La Torre', 'Dr', 1997, '42.02'),
(3, 'Cristina MacGarvey', 'Honorable', 1997, '35.06'),
(4, 'Barty Mattiuzzi', 'Mrs', 1977, '51.18'),
(5, 'Ari Lough', 'Ms', 1910, '81.22'),
(6, 'Almeta O\'Crevy', 'Honorable', 1903, '8.22'),
(7, 'Biron Francescone', 'Ms', 1930, '30.63'),
(8, 'Gretchen Woodier', 'Mrs', 1919, '78.58'),
(9, 'Alina Gate', 'Rev', 1989, '52.24'),
(10, 'Peder Ahrend', 'Mr', 1999, '23.00'),
(11, 'Charlot Slinger', 'Mrs', 1957, '88.98'),
(12, 'Rodney Dunkinson', 'Mr', 1966, '1.09'),
(13, 'Bree Waple', 'Ms', 1946, '1.20'),
(14, 'Boote Foggo', 'Ms', 1940, '84.94'),
(15, 'Philip Nolot', 'Mrs', 1992, '45.23'),
(16, 'Colline Massey', 'Rev', 2014, '14.18'),
(17, 'Bell Weatherhill', 'Rev', 1939, '46.73'),
(18, 'Paxton Tack', 'Mr', 2017, '96.58'),
(19, 'Jorry Keneleyside', 'Mrs', 1982, '6.38'),
(20, 'Tiertza Biggs', 'Mr', 2008, '64.63'),
(21, 'Garold Pincott', 'Rev', 2021, '47.92'),
(22, 'Alberik Liversage', 'Rev', 1914, '89.16'),
(23, 'Arlyn Sargent', 'Mr', 1921, '33.16'),
(24, 'Desi Ransley', 'Ms', 1979, '79.28'),
(25, 'Roxy Michin', 'Dr', 1915, '72.74'),
(26, 'Christi Veldens', 'Ms', 1945, '95.10'),
(27, 'Jan Danbrook', 'Mrs', 1966, '46.68'),
(28, 'Madlen Bernolet', 'Ms', 1925, '52.11'),
(29, 'Amalle Sterley', 'Rev', 1997, '74.30'),
(30, 'Frants Gabbetis', 'Mrs', 1994, '17.83'),
(31, 'Ewell Abotson', 'Honorable', 1916, '54.82'),
(32, 'Lowell Dooher', 'Mr', 1996, '4.05'),
(33, 'Ana Goldney', 'Honorable', 1941, '90.35'),
(34, 'Tamas Gillfillan', 'Honorable', 1935, '74.03'),
(35, 'Percy Scanlon', 'Honorable', 2000, '49.63'),
(36, 'Evanne Davenall', 'Mrs', 1968, '96.82'),
(37, 'Mable Vanyushin', 'Mr', 2005, '57.85'),
(38, 'Francine Davage', 'Mrs', 1939, '40.29'),
(39, 'Vernon Klainer', 'Rev', 1983, '93.28'),
(40, 'Janene Grigoire', 'Mr', 1980, '61.43'),
(41, 'Hali Ingle', 'Ms', 1906, '49.21'),
(42, 'Guilbert Neate', 'Mr', 1984, '94.88'),
(43, 'Twyla Addams', 'Rev', 2007, '74.03'),
(44, 'Javier O\'Skehan', 'Honorable', 1985, '42.50'),
(45, 'Worthington Caseley', 'Dr', 1957, '79.59'),
(46, 'Miriam Pimblett', 'Rev', 1958, '17.37'),
(47, 'Zondra Jeste', 'Honorable', 1947, '53.34'),
(48, 'Vida Heyball', 'Dr', 1928, '81.01'),
(49, 'Nonie Laws', 'Rev', 1916, '71.50'),
(50, 'Woody Yelden', 'Rev', 1951, '93.87'),
(51, 'Jedidiah Rafter', 'Dr', 2012, '16.37'),
(52, 'Tasha La Torre', 'Dr', 1997, '42.09'),
(53, 'Cristina MacGarvey', 'Honorable', 1997, '35.06'),
(54, 'Barty Mattiuzzi', 'Mrs', 1977, '51.18'),
(55, 'Ari Lough', 'Ms', 1910, '81.26'),
(56, 'Almeta O\'Crevy', 'Honorable', 1903, '8.22'),
(57, 'Biron Francescone', 'Ms', 1930, '30.63'),
(58, 'Gretchen Woodier', 'Mrs', 1919, '78.58'),
(59, 'Alina Gate', 'Rev', 1989, '52.24'),
(61, 'Charlot Slinger', 'Mrs', 1957, '88.98'),
(62, 'Rodney Dunkinson', 'Mr', 1966, '1.09'),
(63, 'Bree Waple', 'Ms', 1946, '1.20'),
(64, 'Boote Foggo', 'Ms', 1940, '84.94'),
(65, 'Philip Nolot', 'Mrs', 1992, '45.23'),
(66, 'Colline Massey', 'Rev', 2014, '14.18'),
(67, 'Bell Weatherhill', 'Rev', 1939, '46.73'),
(68, 'Paxton Tack', 'Mr', 2017, '96.58'),
(69, 'Jorry Keneleyside', 'Mrs', 1982, '6.38'),
(70, 'Tiertza Biggs', 'Mr', 2008, '64.63'),
(71, 'Garold Pincott', 'Rev', 2021, '47.92'),
(72, 'Alberik Liversage', 'Rev', 1914, '89.16'),
(73, 'Arlyn Sargent', 'Mr', 1921, '33.16'),
(74, 'Desi Ransley', 'Ms', 1979, '79.28'),
(75, 'Roxy Michin', 'Dr', 1915, '72.74'),
(76, 'Christi Veldens', 'Ms', 1945, '95.10'),
(77, 'Jan Danbrook', 'Mrs', 1966, '46.68'),
(78, 'Madlen Bernolet', 'Ms', 1925, '52.11'),
(79, 'Amalle Sterley', 'Rev', 1997, '74.30'),
(80, 'Frants Gabbetis', 'Mrs', 1994, '17.83'),
(81, 'Ewell Abotson', 'Honorable', 1916, '54.82'),
(83, 'Ana Goldney', 'Honorable', 1941, '90.35'),
(84, 'Tamas Gillfillan', 'Honorable', 1935, '74.03'),
(85, 'Percy Scanlon', 'Honorable', 2000, '49.63'),
(86, 'Evanne Davenall', 'Mrs', 1968, '96.82'),
(87, 'Mable Vanyushin', 'Mr', 2005, '57.85'),
(88, 'Francine Davage', 'Mrs', 1939, '40.29'),
(89, 'Vernon Klainer', 'Rev', 1983, '93.28'),
(90, 'Janene Grigoire', 'Mr', 1980, '61.43'),
(91, 'Hali Ingle', 'Ms', 1906, '49.21'),
(92, 'Guilbert Neate', 'Mr', 1984, '94.88'),
(93, 'Twyla Addams', 'Rev', 2007, '74.03'),
(94, 'Javier O\'Skehan', 'Honorable', 1985, '42.50'),
(95, 'Worthington Caseley', 'Dr', 1957, '79.59'),
(97, 'Zondra Jeste', 'Honorable', 1947, '53.34'),
(98, 'Vida Heyball', 'Dr', 1928, '81.01'),
(99, 'Nonie Laws', 'Rev', 1916, '71.50'),
(100, 'Woody Yelden', 'Rev', 1951, '93.87'),
(103, 'Mario Metshein', 'Väikesed tüdrukud', 2024, '69.99'),
(105, 'Tasha La Torre', 'Dr', 1997, '42.02'),
(106, 'Mario Metshein', 'Suured Munad', 2023, '49.99');

-- --------------------------------------------------------

--
-- Table structure for table `arved`
--

CREATE TABLE `arved` (
  `id` int NOT NULL,
  `arve_nr` int NOT NULL,
  `albumid_id` int NOT NULL,
  `kliendid_id` int NOT NULL
) ENGINE=InnoDB DEFAULT CHARSET=utf8mb4 COLLATE=utf8mb4_0900_ai_ci;

--
-- Dumping data for table `arved`
--

INSERT INTO `arved` (`id`, `arve_nr`, `albumid_id`, `kliendid_id`) VALUES
(1, 68245, 62, 8),
(2, 35228, 21, 4),
(3, 77871, 44, 12),
(4, 94438, 54, 40),
(5, 60153, 39, 33),
(6, 29685, 95, 31),
(7, 70461, 62, 40),
(8, 30057, 79, 43),
(9, 76828, 13, 10),
(10, 10259, 22, 18),
(11, 89294, 56, 7),
(12, 58349, 2, 48),
(13, 14331, 61, 5),
(14, 57200, 81, 23),
(15, 48960, 48, 46),
(16, 98520, 68, 26),
(17, 13917, 32, 40),
(18, 44854, 46, 26),
(19, 87439, 4, 2),
(20, 37817, 45, 18),
(21, 56681, 16, 7),
(22, 22065, 12, 12),
(23, 52901, 18, 21),
(24, 31562, 68, 38),
(25, 81313, 53, 46),
(26, 12354, 7, 36),
(27, 64208, 83, 12),
(28, 87436, 80, 33),
(29, 90298, 22, 48),
(30, 57952, 28, 3),
(31, 37960, 19, 8),
(32, 25256, 1, 15),
(33, 83398, 2, 3),
(34, 44267, 27, 7),
(35, 48741, 7, 19),
(36, 44079, 25, 50),
(37, 25536, 19, 19),
(38, 36415, 91, 39),
(39, 50832, 36, 40),
(40, 42631, 27, 12),
(41, 93343, 64, 16),
(42, 53015, 80, 24),
(43, 88247, 66, 4),
(44, 57642, 68, 6),
(45, 45670, 53, 47),
(46, 36035, 45, 47),
(47, 19287, 60, 37),
(48, 24648, 14, 14),
(49, 85758, 83, 12),
(50, 81791, 74, 9);

-- --------------------------------------------------------

--
-- Table structure for table `hinnangud`
--

CREATE TABLE `hinnangud` (
  `id` int NOT NULL,
  `toidukoha_id` int NOT NULL,
  `nimi` varchar(255) NOT NULL,
  `hinne` int NOT NULL,
  `kommentaar` text
) ENGINE=InnoDB DEFAULT CHARSET=utf8mb4 COLLATE=utf8mb4_0900_ai_ci;

--
-- Dumping data for table `hinnangud`
--

INSERT INTO `hinnangud` (`id`, `toidukoha_id`, `nimi`, `hinne`, `kommentaar`) VALUES
(1, 46, 'Vale Hoofe', 1, 'vel enim sit amet nunc viverra dapibus nulla suscipit ligula in lacus curabitur'),
(2, 22, 'Caitrin Tennant', 8, 'turpis a pede posuere nonummy integer non velit donec diam neque vestibulum'),
(3, 20, 'Yuri Harcourt', 6, 'pede venenatis non sodales sed tincidunt eu'),
(4, 16, 'Jessamine O\'Collopy', 6, 'felis sed interdum venenatis turpis enim blandit'),
(5, 33, 'Rea Rule', 1, 'ligula pellentesque ultrices phasellus id sapien in sapien iaculis congue vivamus metus arcu adipiscing molestie'),
(6, 22, 'Ardisj Chalmers', 9, 'turpis enim blandit mi in porttitor pede justo eu massa donec dapibus duis'),
(7, 27, 'Archie Giorgini', 3, 'ut erat curabitur gravida nisi at nibh in'),
(8, 40, 'Matelda Stronge', 4, 'justo in hac habitasse platea'),
(9, 32, 'Netta Tomley', 8, 'pellentesque ultrices phasellus id sapien in sapien iaculis congue vivamus metus arcu'),
(10, 6, 'Maxie Howorth', 1, 'ut nunc vestibulum ante ipsum primis'),
(11, 40, 'Demetre Sawbridge', 4, 'vel enim sit amet nunc viverra'),
(12, 33, 'Peirce Sturton', 2, 'rutrum at lorem integer tincidunt ante vel ipsum praesent blandit lacinia erat'),
(13, 7, 'Burt Kimbrey', 5, 'nulla facilisi cras non velit nec nisi'),
(14, 32, 'Laurette Lloyds', 10, 'pede posuere nonummy integer non velit donec diam'),
(15, 20, 'Wake Fearnehough', 6, 'odio porttitor id consequat in consequat ut'),
(16, 18, 'Patrica Sisley', 4, 'semper est quam pharetra magna'),
(17, 19, 'Riannon MacCook', 5, 'luctus cum sociis natoque penatibus et'),
(18, 24, 'Cherlyn Breens', 7, 'volutpat in congue etiam justo etiam pretium iaculis justo'),
(19, 29, 'Filmer Parkinson', 8, 'nonummy maecenas tincidunt lacus at velit'),
(20, 2, 'Olvan O\'Crigane', 2, 'luctus nec molestie sed justo pellentesque viverra pede ac diam cras pellentesque volutpat dui'),
(21, 2, 'Cristie Hosier', 3, 'dui proin leo odio porttitor id consequat in consequat ut nulla sed accumsan'),
(22, 40, 'Jorie McCorkell', 8, 'ac nulla sed vel enim sit amet nunc viverra dapibus nulla suscipit'),
(23, 45, 'Jacenta Samwell', 5, 'odio cras mi pede malesuada in imperdiet et commodo vulputate'),
(24, 14, 'Ellis Crone', 1, 'sed vestibulum sit amet cursus id turpis'),
(25, 50, 'Constantin Pirelli', 6, 'rutrum neque aenean auctor gravida sem praesent id massa'),
(26, 39, 'Susi Robelet', 1, 'rhoncus aliquet pulvinar sed nisl nunc rhoncus dui vel sem'),
(27, 48, 'Willy Pochin', 9, 'sit amet consectetuer adipiscing elit proin interdum mauris non ligula'),
(28, 27, 'Alene Negro', 8, 'erat vestibulum sed magna at nunc commodo placerat praesent blandit nam nulla'),
(29, 31, 'Fredia Delnevo', 6, 'convallis duis consequat dui nec nisi'),
(30, 10, 'Maureen Sambeck', 1, 'tempor convallis nulla neque libero convallis eget eleifend luctus'),
(31, 50, 'Imojean Harriss', 9, 'posuere felis sed lacus morbi sem mauris laoreet ut'),
(32, 19, 'Mikkel Houchen', 7, 'id sapien in sapien iaculis congue vivamus metus arcu'),
(33, 44, 'Windham Lidgey', 7, 'in faucibus orci luctus et ultrices posuere cubilia curae donec pharetra magna vestibulum'),
(34, 31, 'Dorian Paolotto', 7, 'bibendum felis sed interdum venenatis turpis enim blandit mi in'),
(35, 23, 'Dane Frissell', 4, 'turpis integer aliquet massa id lobortis convallis tortor risus dapibus augue'),
(36, 31, 'Georgie Zaczek', 5, 'faucibus orci luctus et ultrices posuere cubilia curae donec pharetra magna vestibulum'),
(37, 45, 'Igor Beecham', 10, 'quisque erat eros viverra eget congue eget semper rutrum nulla nunc purus phasellus in felis'),
(38, 37, 'Jerrold Bysh', 8, 'dictumst morbi vestibulum velit id pretium'),
(39, 31, 'Evelyn Foli', 10, 'faucibus accumsan odio curabitur convallis duis consequat'),
(40, 22, 'Manolo Jobson', 2, 'id nulla ultrices aliquet maecenas'),
(41, 46, 'Curcio MacArd', 8, 'massa quis augue luctus tincidunt nulla mollis molestie lorem quisque ut erat curabitur gravida'),
(42, 23, 'Tomkin Oldacres', 2, 'vivamus in felis eu sapien cursus vestibulum proin eu mi nulla ac enim in'),
(43, 47, 'Kareem Dallaway', 10, 'donec vitae nisi nam ultrices libero non'),
(44, 30, 'Peria Guymer', 3, 'ultrices posuere cubilia curae donec pharetra magna vestibulum aliquet ultrices erat tortor sollicitudin mi'),
(45, 16, 'Elsworth Soggee', 9, 'ultrices aliquet maecenas leo odio condimentum id luctus nec molestie sed justo pellentesque viverra'),
(46, 17, 'Alan McGunley', 9, 'leo odio porttitor id consequat in'),
(47, 2, 'Tailor Posthill', 7, 'odio curabitur convallis duis consequat dui nec nisi volutpat eleifend donec ut dolor'),
(48, 6, 'Avram Chadwyck', 3, 'eu felis fusce posuere felis'),
(49, 14, 'Garv Gowlett', 9, 'vestibulum ante ipsum primis in faucibus orci luctus'),
(50, 16, 'Brianne Shields', 10, 'maecenas pulvinar lobortis est phasellus sit amet erat nulla tempus vivamus in felis eu'),
(51, 34, 'Kaila Gotliffe', 2, 'ultrices phasellus id sapien in sapien iaculis congue vivamus metus arcu adipiscing molestie hendrerit'),
(52, 45, 'Brenna Fransinelli', 3, 'morbi vel lectus in quam fringilla rhoncus mauris enim leo rhoncus sed'),
(53, 8, 'Shirlee Lumsdaine', 3, 'vel nisl duis ac nibh fusce lacus purus aliquet at feugiat non'),
(54, 3, 'Kathe Pitway', 1, 'aenean auctor gravida sem praesent id massa id nisl'),
(55, 28, 'Des Willsmore', 3, 'vestibulum sit amet cursus id turpis integer aliquet massa id lobortis'),
(56, 36, 'Jay Zupone', 2, 'felis ut at dolor quis odio consequat'),
(57, 45, 'Aldridge Harland', 5, 'justo sit amet sapien dignissim vestibulum vestibulum ante ipsum primis in faucibus orci luctus et'),
(58, 15, 'Conney Yurmanovev', 5, 'libero quis orci nullam molestie nibh in lectus pellentesque at nulla suspendisse'),
(59, 20, 'Antonius McCarrell', 9, 'at feugiat non pretium quis lectus suspendisse potenti'),
(60, 1, 'Nicoline Godbald', 8, 'mi sit amet lobortis sapien sapien non mi'),
(61, 22, 'Keefe Lennard', 10, 'vestibulum rutrum rutrum neque aenean auctor gravida sem praesent'),
(62, 1, 'Sydel Haffenden', 1, 'molestie hendrerit at vulputate vitae nisl aenean'),
(63, 34, 'Kerk Gaiter', 4, 'nulla tellus in sagittis dui vel nisl duis ac nibh fusce lacus'),
(64, 46, 'Geno Fagence', 6, 'nibh in lectus pellentesque at nulla suspendisse potenti cras in purus'),
(65, 48, 'Frans Tolossi', 8, 'nullam sit amet turpis elementum ligula vehicula consequat morbi a ipsum integer a'),
(66, 25, 'Vivien Jordon', 7, 'tellus in sagittis dui vel nisl duis ac nibh fusce'),
(67, 13, 'Ilise Dusey', 8, 'vel nisl duis ac nibh fusce lacus purus aliquet at feugiat non'),
(68, 9, 'Giovanna Varley', 8, 'magna bibendum imperdiet nullam orci pede venenatis non sodales sed tincidunt eu felis'),
(69, 39, 'Frankie MacGiffin', 1, 'faucibus orci luctus et ultrices posuere cubilia'),
(70, 46, 'Farica MacFadden', 10, 'tristique est et tempus semper est quam pharetra magna ac'),
(71, 21, 'Neils Dutton', 7, 'porttitor pede justo eu massa donec dapibus duis at velit eu est'),
(72, 39, 'Dana Willcocks', 5, 'urna ut tellus nulla ut erat id mauris vulputate elementum nullam varius nulla facilisi'),
(73, 13, 'Guthrey Codner', 5, 'in tempus sit amet sem fusce consequat nulla'),
(74, 23, 'Leodora Church', 10, 'laoreet ut rhoncus aliquet pulvinar'),
(75, 39, 'Janenna Oates', 7, 'sollicitudin mi sit amet lobortis sapien sapien non mi integer ac'),
(76, 1, 'Corabel Frugier', 4, 'amet lobortis sapien sapien non mi integer ac neque duis'),
(77, 14, 'Franklyn Delue', 3, 'commodo vulputate justo in blandit ultrices enim lorem ipsum dolor sit'),
(78, 40, 'Dallas Pringell', 6, 'integer ac neque duis bibendum morbi non quam'),
(79, 17, 'Chevy Grut', 4, 'lacus morbi sem mauris laoreet ut rhoncus aliquet pulvinar sed nisl'),
(80, 40, 'Philippine Goadbie', 3, 'nec nisi vulputate nonummy maecenas tincidunt lacus at velit vivamus vel nulla eget eros'),
(81, 47, 'Sibella Tatton', 1, 'in lacus curabitur at ipsum ac tellus semper interdum mauris ullamcorper purus'),
(82, 45, 'Aloysius Zute', 2, 'ut nunc vestibulum ante ipsum primis in faucibus orci luctus et ultrices posuere cubilia curae'),
(83, 24, 'Griswold Coulsen', 9, 'platea dictumst maecenas ut massa'),
(84, 31, 'Mattheus Levay', 4, 'magnis dis parturient montes nascetur ridiculus'),
(85, 20, 'Juieta Mattessen', 3, 'posuere cubilia curae nulla dapibus dolor'),
(86, 40, 'Mendy Filppetti', 10, 'platea dictumst morbi vestibulum velit id pretium iaculis diam'),
(87, 16, 'Fayina Cuffin', 4, 'ridiculus mus vivamus vestibulum sagittis sapien cum sociis natoque penatibus et magnis dis'),
(88, 6, 'Cordy MacFaul', 2, 'odio curabitur convallis duis consequat dui nec nisi volutpat eleifend'),
(89, 15, 'Ozzy Rigolle', 7, 'ultrices posuere cubilia curae nulla dapibus dolor vel est donec odio justo'),
(90, 21, 'Jeralee Duddle', 1, 'eget tincidunt eget tempus vel pede morbi'),
(91, 50, 'Jobi Splain', 7, 'donec posuere metus vitae ipsum aliquam non mauris morbi non lectus aliquam sit'),
(92, 31, 'Lacey Flemming', 9, 'feugiat et eros vestibulum ac est lacinia nisi venenatis tristique'),
(93, 45, 'Milly Drain', 1, 'non mattis pulvinar nulla pede ullamcorper augue a suscipit'),
(94, 21, 'Janet Reinbech', 6, 'pede libero quis orci nullam molestie nibh in lectus pellentesque at'),
(95, 26, 'Delaney Esgate', 3, 'id mauris vulputate elementum nullam'),
(96, 20, 'Fawne Hilliam', 9, 'vitae nisi nam ultrices libero non mattis pulvinar nulla pede ullamcorper augue a suscipit'),
(97, 6, 'Jacquie Birks', 10, 'platea dictumst maecenas ut massa quis augue luctus tincidunt nulla mollis molestie lorem quisque ut'),
(98, 11, 'Conchita Butner', 1, 'nulla mollis molestie lorem quisque ut erat curabitur gravida nisi at nibh in hac habitasse'),
(99, 22, 'Aurelia Abbott', 6, 'vestibulum vestibulum ante ipsum primis in faucibus orci luctus et ultrices posuere cubilia curae nulla'),
(100, 29, 'Zorana Cussons', 3, 'dictumst morbi vestibulum velit id pretium iaculis diam erat fermentum justo nec condimentum'),
(101, 9, 'Noelle Ledrane', 9, 'hac habitasse platea dictumst maecenas ut massa quis augue luctus tincidunt'),
(102, 17, 'Clarinda Pearmain', 6, 'massa tempor convallis nulla neque'),
(103, 8, 'Tiff Mawditt', 1, 'curabitur convallis duis consequat dui nec nisi volutpat eleifend donec'),
(104, 35, 'Byrann Hendriksen', 1, 'tristique in tempus sit amet sem fusce consequat nulla'),
(105, 48, 'Gunter Backler', 3, 'magna bibendum imperdiet nullam orci pede venenatis non sodales sed tincidunt eu felis fusce'),
(106, 5, 'Dionne Gooda', 1, 'sed ante vivamus tortor duis mattis egestas metus aenean fermentum donec'),
(107, 11, 'Tedra Richmond', 5, 'duis bibendum morbi non quam nec dui luctus rutrum nulla'),
(108, 46, 'Erinn Tatham', 8, 'volutpat quam pede lobortis ligula sit amet eleifend pede libero quis orci'),
(109, 4, 'Wally Whitland', 7, 'quis odio consequat varius integer ac leo pellentesque ultrices mattis odio donec vitae nisi nam'),
(110, 50, 'Loralyn Balsdone', 6, 'id mauris vulputate elementum nullam'),
(111, 47, 'Robinet Rolance', 7, 'vulputate nonummy maecenas tincidunt lacus at velit vivamus vel nulla eget eros'),
(112, 49, 'Auguste Rhys', 6, 'odio elementum eu interdum eu tincidunt in leo maecenas pulvinar lobortis est phasellus'),
(113, 49, 'Sybilla MacGuffie', 8, 'aliquet pulvinar sed nisl nunc rhoncus dui vel sem sed sagittis nam congue risus'),
(114, 14, 'Fidelio Mandifield', 3, 'erat fermentum justo nec condimentum neque sapien'),
(115, 4, 'Tamiko Punt', 3, 'ut suscipit a feugiat et eros vestibulum ac est lacinia nisi venenatis tristique fusce'),
(116, 4, 'Cozmo Vance', 9, 'ultrices posuere cubilia curae duis'),
(117, 50, 'Jeannie Brickell', 3, 'vestibulum eget vulputate ut ultrices vel augue vestibulum ante ipsum primis in faucibus'),
(118, 9, 'Maude Jedras', 10, 'vel accumsan tellus nisi eu orci mauris lacinia sapien'),
(119, 26, 'Salvatore Haydn', 2, 'nec sem duis aliquam convallis nunc proin at turpis a pede posuere nonummy integer'),
(120, 26, 'Dre Cocksedge', 8, 'magna vulputate luctus cum sociis natoque'),
(121, 30, 'Jackie Trace', 8, 'rhoncus aliquam lacus morbi quis tortor id nulla ultrices aliquet maecenas leo'),
(122, 41, 'Brigid Totterdill', 10, 'sit amet eleifend pede libero quis'),
(123, 8, 'Orin Moralas', 2, 'leo maecenas pulvinar lobortis est phasellus sit amet erat nulla tempus vivamus'),
(124, 25, 'Hadlee Tibbotts', 10, 'nam nulla integer pede justo lacinia eget tincidunt eget tempus vel pede'),
(125, 42, 'Humberto Gaye', 5, 'id ornare imperdiet sapien urna pretium nisl ut volutpat sapien arcu'),
(126, 35, 'Anthiathia Pressnell', 9, 'neque duis bibendum morbi non quam nec'),
(127, 15, 'Reinhold Campey', 1, 'vel enim sit amet nunc'),
(128, 41, 'Waly Creeboe', 6, 'vulputate vitae nisl aenean lectus pellentesque'),
(129, 46, 'Ranna Shetliff', 6, 'augue luctus tincidunt nulla mollis molestie lorem quisque ut erat curabitur gravida'),
(130, 8, 'Danice Postin', 3, 'risus auctor sed tristique in'),
(131, 7, 'Brennan Dorsey', 9, 'nibh in hac habitasse platea dictumst aliquam augue quam sollicitudin vitae consectetuer eget'),
(132, 45, 'Norine Slocomb', 9, 'et ultrices posuere cubilia curae duis faucibus accumsan odio curabitur convallis duis consequat'),
(133, 48, 'Robert Bewick', 7, 'porta volutpat erat quisque erat'),
(134, 38, 'Nate Kettoe', 6, 'pede justo eu massa donec dapibus duis at velit eu est'),
(135, 41, 'Rogers McSaul', 10, 'volutpat sapien arcu sed augue aliquam'),
(136, 35, 'Bradan Cuell', 9, 'vel ipsum praesent blandit lacinia erat'),
(137, 41, 'Cristabel Grumley', 1, 'nunc donec quis orci eget'),
(138, 33, 'Geoff Cadamy', 1, 'elit sodales scelerisque mauris sit amet eros suspendisse accumsan tortor'),
(139, 29, 'Selig Wrinch', 9, 'tristique est et tempus semper'),
(140, 25, 'Charo Solloway', 2, 'ac tellus semper interdum mauris ullamcorper purus sit amet nulla quisque arcu libero rutrum ac'),
(141, 11, 'Loria Broader', 7, 'aliquam non mauris morbi non lectus aliquam sit amet diam in'),
(142, 8, 'Claire Humbles', 3, 'rutrum ac lobortis vel dapibus at'),
(143, 7, 'Ediva Giamitti', 9, 'semper interdum mauris ullamcorper purus sit amet nulla quisque arcu'),
(144, 38, 'Augustine Crewther', 5, 'est phasellus sit amet erat nulla tempus vivamus'),
(145, 10, 'Shellysheldon Yakebovitch', 1, 'et commodo vulputate justo in'),
(146, 23, 'Fancie Heddy', 10, 'magna bibendum imperdiet nullam orci pede venenatis non sodales sed tincidunt eu'),
(147, 3, 'Dacy Farman', 5, 'amet cursus id turpis integer aliquet massa id lobortis convallis tortor risus'),
(148, 19, 'Harriet Booeln', 7, 'pede venenatis non sodales sed tincidunt'),
(149, 18, 'Twila Gladyer', 1, 'amet lobortis sapien sapien non'),
(150, 35, 'Holt Rehn', 3, 'massa tempor convallis nulla neque libero convallis eget eleifend'),
(151, 33, 'Flint Littledyke', 5, 'venenatis turpis enim blandit mi in porttitor pede justo eu massa'),
(152, 36, 'Lavinia Comberbeach', 2, 'quam sapien varius ut blandit non interdum'),
(153, 46, 'Linda Keeton', 6, 'justo lacinia eget tincidunt eget tempus vel pede morbi porttitor'),
(154, 27, 'Nappie Ortet', 8, 'lorem ipsum dolor sit amet consectetuer adipiscing elit proin interdum mauris non ligula pellentesque'),
(155, 15, 'Petronia Rouf', 5, 'etiam justo etiam pretium iaculis justo in hac habitasse platea dictumst etiam faucibus cursus'),
(156, 19, 'Alysia Lumpkin', 3, 'magnis dis parturient montes nascetur ridiculus mus vivamus vestibulum sagittis sapien cum sociis'),
(157, 1, 'Myron Bresson', 9, 'amet diam in magna bibendum imperdiet'),
(158, 41, 'Nilson Patmore', 2, 'ligula pellentesque ultrices phasellus id sapien in sapien iaculis congue vivamus metus arcu adipiscing molestie'),
(159, 45, 'Alicea Tangye', 2, 'in sapien iaculis congue vivamus'),
(160, 31, 'Leeann Blasik', 4, 'libero quis orci nullam molestie nibh'),
(161, 13, 'Margi Jenton', 10, 'eget orci vehicula condimentum curabitur in libero ut'),
(162, 36, 'Clair Hayball', 7, 'nec condimentum neque sapien placerat ante nulla justo aliquam quis'),
(163, 25, 'Lewiss Pettingall', 4, 'pretium nisl ut volutpat sapien'),
(164, 19, 'Andriana Syson', 1, 'rhoncus dui vel sem sed sagittis nam congue risus semper porta volutpat quam'),
(165, 9, 'Ursula Dowson', 9, 'nulla ac enim in tempor'),
(166, 45, 'Kassi Jewell', 1, 'primis in faucibus orci luctus et ultrices posuere cubilia curae mauris'),
(167, 29, 'Gery Bramhall', 4, 'mauris vulputate elementum nullam varius nulla'),
(168, 31, 'Mason McCabe', 3, 'tempus sit amet sem fusce consequat'),
(169, 27, 'Genny Strothers', 7, 'natoque penatibus et magnis dis parturient montes nascetur ridiculus mus vivamus vestibulum sagittis'),
(170, 5, 'Billy Gooly', 8, 'eget elit sodales scelerisque mauris sit amet eros suspendisse accumsan tortor quis turpis sed'),
(171, 32, 'Amaleta Skurray', 3, 'ut massa quis augue luctus tincidunt nulla'),
(172, 22, 'Jonell Glowach', 2, 'lectus vestibulum quam sapien varius ut'),
(173, 5, 'Hillel Stuckow', 4, 'sed accumsan felis ut at dolor quis odio consequat'),
(174, 34, 'Gabrila Troni', 6, 'duis ac nibh fusce lacus purus aliquet at feugiat non pretium quis lectus'),
(175, 26, 'Dwain Tatem', 8, 'pellentesque volutpat dui maecenas tristique est et tempus semper est quam pharetra'),
(176, 45, 'Caz Matuszynski', 5, 'sapien iaculis congue vivamus metus arcu'),
(177, 18, 'Danielle Beathem', 2, 'nunc commodo placerat praesent blandit nam nulla integer'),
(178, 50, 'Elwin covino', 3, 'dapibus duis at velit eu est congue elementum in hac habitasse platea dictumst morbi'),
(179, 36, 'Ryon Bowshire', 5, 'ac lobortis vel dapibus at diam nam tristique tortor eu pede'),
(180, 40, 'Jami Shillabeare', 5, 'nam ultrices libero non mattis pulvinar nulla pede ullamcorper augue'),
(181, 39, 'Josias Woodfine', 4, 'etiam pretium iaculis justo in hac habitasse platea dictumst etiam faucibus'),
(182, 33, 'Jodi Chipping', 4, 'luctus cum sociis natoque penatibus et magnis dis parturient'),
(183, 12, 'Sidoney Rapsey', 6, 'etiam justo etiam pretium iaculis justo in hac habitasse platea'),
(184, 16, 'Darcey Tailby', 9, 'suscipit nulla elit ac nulla sed vel enim sit'),
(185, 9, 'Bale Boydon', 10, 'curabitur in libero ut massa volutpat convallis morbi odio odio elementum eu interdum'),
(186, 38, 'Carmen Shimman', 5, 'a libero nam dui proin leo'),
(187, 18, 'Victor Kobpal', 10, 'at nunc commodo placerat praesent blandit nam nulla'),
(188, 3, 'Hervey Wanjek', 3, 'et ultrices posuere cubilia curae nulla dapibus dolor vel est'),
(189, 26, 'Izabel Godspeede', 7, 'mauris eget massa tempor convallis nulla neque libero convallis eget eleifend luctus ultricies eu nibh'),
(190, 2, 'Christal Bondesen', 1, 'nisl duis ac nibh fusce lacus purus aliquet at feugiat non pretium quis lectus'),
(191, 2, 'Celle Forgan', 3, 'mauris vulputate elementum nullam varius nulla facilisi'),
(192, 32, 'Wilt Pamment', 2, 'morbi ut odio cras mi'),
(193, 25, 'Levy Tows', 9, 'sem fusce consequat nulla nisl nunc nisl duis bibendum felis'),
(194, 25, 'Bennie Stranieri', 7, 'pede libero quis orci nullam molestie nibh'),
(195, 12, 'Griff Sterzaker', 6, 'cras non velit nec nisi vulputate nonummy maecenas tincidunt lacus at velit vivamus vel'),
(196, 42, 'Prissie Smorfit', 2, 'scelerisque mauris sit amet eros suspendisse accumsan tortor quis turpis'),
(197, 41, 'Ashby Dunstan', 4, 'sit amet nulla quisque arcu libero rutrum ac lobortis vel dapibus at diam nam'),
(198, 34, 'Elli Gorvin', 1, 'sodales scelerisque mauris sit amet eros'),
(199, 34, 'Jerrold Jorge', 1, 'a feugiat et eros vestibulum ac est'),
(200, 1, 'Bernice Daout', 1, 'elementum pellentesque quisque porta volutpat erat quisque erat eros viverra eget congue eget semper'),
(201, 10, 'Jojo Elloway', 7, 'a nibh in quis justo maecenas'),
(202, 30, 'Margi Tegler', 4, 'purus sit amet nulla quisque arcu libero rutrum ac lobortis vel dapibus at diam nam'),
(203, 12, 'Dillon Okey', 5, 'felis donec semper sapien a libero nam dui proin leo'),
(204, 50, 'Gaylene McWard', 3, 'scelerisque quam turpis adipiscing lorem vitae mattis nibh ligula nec'),
(205, 43, 'Nickolas Friedenbach', 7, 'suspendisse potenti in eleifend quam a odio in hac habitasse platea'),
(206, 27, 'Glendon Canavan', 7, 'platea dictumst maecenas ut massa quis augue'),
(207, 40, 'Elaine Carnell', 2, 'integer ac leo pellentesque ultrices mattis odio donec vitae'),
(208, 35, 'Geneva Schneidau', 10, 'ultricies eu nibh quisque id justo sit amet sapien dignissim vestibulum vestibulum ante ipsum primis'),
(209, 7, 'Joella Petti', 4, 'fusce lacus purus aliquet at feugiat non pretium'),
(210, 22, 'Will Blick', 9, 'amet erat nulla tempus vivamus in felis eu'),
(211, 20, 'La verne Faulkener', 5, 'nullam porttitor lacus at turpis'),
(212, 7, 'Vikki Parsall', 7, 'lobortis convallis tortor risus dapibus augue vel accumsan tellus nisi eu orci mauris lacinia sapien'),
(213, 17, 'Dermot Metzig', 8, 'odio elementum eu interdum eu tincidunt in leo maecenas pulvinar lobortis est phasellus sit amet'),
(214, 17, 'Wallache McAuslan', 4, 'lorem ipsum dolor sit amet consectetuer adipiscing'),
(215, 42, 'Adrianne Stopforth', 9, 'rutrum nulla nunc purus phasellus'),
(216, 17, 'Alwyn Levins', 3, 'tempor turpis nec euismod scelerisque quam turpis adipiscing lorem vitae'),
(217, 49, 'Vernice Whitebrook', 5, 'lacus morbi quis tortor id nulla ultrices aliquet maecenas leo'),
(218, 38, 'Candace Sydry', 7, 'dictumst aliquam augue quam sollicitudin vitae consectetuer eget rutrum at lorem integer tincidunt'),
(219, 20, 'Pegeen Du Fray', 2, 'ac enim in tempor turpis nec'),
(220, 33, 'Archibaldo Ferry', 5, 'ipsum dolor sit amet consectetuer adipiscing elit proin interdum mauris non ligula'),
(221, 34, 'Vivienne Reeds', 5, 'turpis elementum ligula vehicula consequat morbi a ipsum integer a nibh in quis'),
(222, 11, 'Alica Nail', 1, 'at nibh in hac habitasse platea dictumst aliquam'),
(223, 45, 'Codi Dallaway', 1, 'leo pellentesque ultrices mattis odio donec vitae nisi nam ultrices libero non'),
(224, 42, 'Ericha Spinney', 1, 'mus etiam vel augue vestibulum rutrum rutrum neque aenean auctor gravida'),
(225, 22, 'Louie Pernell', 1, 'orci luctus et ultrices posuere cubilia curae mauris viverra diam vitae quam suspendisse potenti nullam'),
(226, 41, 'Zelig MacGorrie', 1, 'nunc vestibulum ante ipsum primis in faucibus orci luctus et'),
(227, 16, 'Yance McAuliffe', 9, 'blandit nam nulla integer pede'),
(228, 28, 'Cal Tynemouth', 5, 'vel augue vestibulum ante ipsum'),
(229, 45, 'Josias Eadmeades', 3, 'amet diam in magna bibendum imperdiet nullam orci pede venenatis non'),
(230, 37, 'Deva Sabbatier', 2, 'molestie hendrerit at vulputate vitae nisl'),
(231, 21, 'Felic Keeton', 6, 'at vulputate vitae nisl aenean lectus pellentesque eget'),
(232, 46, 'Victor Lambal', 6, 'parturient montes nascetur ridiculus mus vivamus vestibulum sagittis sapien cum'),
(233, 40, 'Boris Kensy', 5, 'mattis egestas metus aenean fermentum donec ut'),
(234, 40, 'Doti Olenikov', 2, 'purus aliquet at feugiat non pretium'),
(235, 5, 'Lorilee Lodwig', 8, 'ut ultrices vel augue vestibulum ante ipsum primis in faucibus orci luctus et ultrices'),
(236, 18, 'Jaynell Livzey', 6, 'auctor sed tristique in tempus sit amet sem fusce'),
(237, 34, 'Early Counsell', 10, 'nullam orci pede venenatis non sodales'),
(238, 24, 'Samaria Haken', 8, 'felis ut at dolor quis odio'),
(239, 48, 'Austin Noke', 4, 'hac habitasse platea dictumst etiam'),
(240, 15, 'My Scobbie', 10, 'consectetuer adipiscing elit proin risus praesent lectus vestibulum'),
(241, 50, 'Tate Stride', 2, 'ligula vehicula consequat morbi a ipsum'),
(242, 11, 'Brittani Fontel', 7, 'sapien cursus vestibulum proin eu mi nulla ac'),
(243, 22, 'Teresina Garnsworthy', 1, 'mi nulla ac enim in tempor turpis'),
(244, 11, 'Willa Able', 6, 'justo in blandit ultrices enim lorem ipsum dolor sit amet'),
(245, 40, 'Albrecht Cary', 6, 'amet turpis elementum ligula vehicula consequat morbi a ipsum integer'),
(246, 17, 'Iain Moggach', 8, 'risus praesent lectus vestibulum quam sapien varius ut blandit non interdum in ante'),
(247, 8, 'Helli Linger', 8, 'sapien arcu sed augue aliquam erat volutpat in congue etiam justo etiam pretium iaculis justo'),
(248, 32, 'Margalit Voss', 5, 'elementum in hac habitasse platea dictumst'),
(249, 42, 'Ginny Scalia', 2, 'eleifend donec ut dolor morbi vel lectus in quam fringilla rhoncus mauris'),
(250, 39, 'Niven Bernakiewicz', 10, 'tempus semper est quam pharetra magna ac consequat metus'),
(251, 49, 'Ole Nunson', 8, 'vestibulum proin eu mi nulla ac enim'),
(252, 23, 'Toddie Sandwith', 7, 'in hac habitasse platea dictumst morbi vestibulum velit id pretium iaculis diam erat fermentum'),
(253, 3, 'Masha Vinas', 3, 'sem fusce consequat nulla nisl nunc nisl duis bibendum felis sed interdum venenatis turpis enim'),
(254, 15, 'Hayyim Manley', 7, 'nulla suscipit ligula in lacus curabitur at ipsum ac tellus'),
(255, 34, 'Celestia Mattaser', 6, 'et ultrices posuere cubilia curae duis faucibus'),
(256, 9, 'Livvyy Lloyd-Williams', 1, 'ligula vehicula consequat morbi a ipsum integer a nibh in'),
(257, 46, 'Kathy Dickman', 1, 'quis lectus suspendisse potenti in eleifend quam a odio in hac'),
(258, 8, 'Kerrie Habbershon', 3, 'non mattis pulvinar nulla pede ullamcorper augue a suscipit nulla elit ac nulla sed vel'),
(259, 38, 'Patrick Perrelli', 4, 'et ultrices posuere cubilia curae donec pharetra magna vestibulum aliquet ultrices erat tortor sollicitudin mi'),
(260, 36, 'Carlyn Behne', 10, 'nisl duis bibendum felis sed interdum venenatis turpis enim blandit mi in porttitor pede'),
(261, 10, 'Chloette Godar', 1, 'sit amet consectetuer adipiscing elit proin risus'),
(262, 4, 'Kat Suttle', 4, 'luctus rutrum nulla tellus in sagittis dui vel nisl duis ac nibh'),
(263, 26, 'Sela Stuchbery', 7, 'lacus at turpis donec posuere metus vitae ipsum aliquam non'),
(264, 26, 'Marybelle Cowlas', 8, 'libero rutrum ac lobortis vel dapibus at diam nam tristique tortor eu'),
(265, 25, 'Christophorus Cassells', 8, 'venenatis non sodales sed tincidunt eu felis'),
(266, 1, 'Jemmy Lochhead', 8, 'curabitur gravida nisi at nibh in hac habitasse platea dictumst'),
(267, 49, 'Hayyim Hobbert', 2, 'ac enim in tempor turpis nec euismod scelerisque'),
(268, 42, 'Laural Clohissy', 10, 'faucibus cursus urna ut tellus nulla ut erat'),
(269, 41, 'Wallie Rodda', 9, 'posuere metus vitae ipsum aliquam non mauris morbi non lectus aliquam sit amet'),
(270, 34, 'Chelsey Keaveney', 2, 'augue aliquam erat volutpat in congue etiam justo etiam pretium iaculis justo in hac habitasse'),
(271, 31, 'Silvia Gudge', 8, 'fringilla rhoncus mauris enim leo rhoncus sed vestibulum'),
(272, 40, 'Tiffy Swigg', 10, 'ipsum primis in faucibus orci luctus et'),
(273, 10, 'Ericha Ivasyushkin', 1, 'eu felis fusce posuere felis'),
(274, 17, 'Alessandra Burner', 8, 'eget tempus vel pede morbi porttitor lorem id ligula suspendisse ornare consequat lectus in est'),
(275, 39, 'Ramsey Piatek', 9, 'eu massa donec dapibus duis at velit eu est congue elementum in hac habitasse'),
(276, 23, 'Francklin Ogborne', 5, 'ut tellus nulla ut erat id mauris vulputate elementum nullam varius'),
(277, 8, 'Persis Rottcher', 10, 'risus dapibus augue vel accumsan tellus nisi eu orci mauris lacinia sapien quis libero nullam'),
(278, 32, 'Xerxes Corkel', 8, 'aenean sit amet justo morbi ut odio cras mi'),
(279, 12, 'Lorie Scopes', 1, 'eros vestibulum ac est lacinia nisi venenatis tristique fusce congue diam id ornare imperdiet'),
(280, 29, 'Abie Stewartson', 9, 'vestibulum quam sapien varius ut blandit non interdum in ante vestibulum ante ipsum'),
(281, 21, 'Kellia Ody', 10, 'nunc vestibulum ante ipsum primis in faucibus'),
(282, 48, 'Geraldine Kimberley', 2, 'cursus urna ut tellus nulla ut erat id mauris vulputate'),
(283, 30, 'Claiborn LeEstut', 2, 'tortor quis turpis sed ante vivamus tortor duis mattis egestas metus aenean fermentum'),
(284, 7, 'Mel Test', 4, 'ac nulla sed vel enim sit amet nunc viverra dapibus nulla suscipit ligula in lacus'),
(285, 24, 'Moore Megahey', 3, 'nullam sit amet turpis elementum ligula'),
(286, 9, 'Fanechka Hackelton', 9, 'ut erat id mauris vulputate elementum'),
(287, 23, 'Agnesse Kissock', 10, 'ac consequat metus sapien ut'),
(288, 33, 'Cristin Gotcliffe', 1, 'diam neque vestibulum eget vulputate ut ultrices'),
(289, 28, 'Jo ann Tombs', 10, 'vestibulum proin eu mi nulla ac enim in tempor turpis nec euismod'),
(290, 31, 'Rosmunda Carlan', 7, 'eget orci vehicula condimentum curabitur in libero ut massa'),
(291, 20, 'Cassi Ovitts', 4, 'rutrum neque aenean auctor gravida sem praesent id massa'),
(292, 31, 'Dov Lack', 2, 'nulla ultrices aliquet maecenas leo odio condimentum id luctus nec molestie sed justo pellentesque'),
(293, 15, 'Jo Ferrar', 3, 'ante ipsum primis in faucibus orci luctus et ultrices posuere cubilia curae duis faucibus'),
(294, 37, 'Yvette Vany', 7, 'phasellus id sapien in sapien iaculis congue'),
(295, 25, 'Cynde Andreasen', 5, 'suspendisse potenti nullam porttitor lacus at turpis'),
(296, 35, 'Gwendolen Cuttles', 9, 'non mattis pulvinar nulla pede ullamcorper augue a suscipit nulla'),
(297, 24, 'Kelcie Avery', 6, 'auctor sed tristique in tempus sit amet sem fusce consequat nulla nisl nunc nisl duis'),
(298, 8, 'Freedman Loncaster', 2, 'maecenas ut massa quis augue luctus tincidunt nulla mollis molestie lorem'),
(299, 21, 'Zeke Lippi', 4, 'at feugiat non pretium quis lectus'),
(300, 13, 'Winslow Latter', 7, 'nisi vulputate nonummy maecenas tincidunt lacus at velit'),
(301, 7, 'Guillemette Fossey', 9, 'mattis odio donec vitae nisi nam ultrices libero non mattis'),
(302, 22, 'Daffi Oxer', 7, 'posuere metus vitae ipsum aliquam'),
(303, 29, 'Modestia Roughley', 8, 'a libero nam dui proin leo odio porttitor id consequat in consequat ut nulla sed'),
(304, 44, 'Thea Bowkett', 7, 'aliquet at feugiat non pretium'),
(305, 39, 'Karmen Corry', 3, 'adipiscing lorem vitae mattis nibh ligula nec sem duis aliquam convallis'),
(306, 38, 'Daveta Selborne', 2, 'non quam nec dui luctus rutrum nulla tellus in'),
(307, 46, 'Orel Brouard', 6, 'laoreet ut rhoncus aliquet pulvinar sed nisl'),
(308, 43, 'Celesta Pordall', 3, 'parturient montes nascetur ridiculus mus'),
(309, 24, 'Hartley Maeer', 6, 'et tempus semper est quam pharetra magna ac'),
(310, 4, 'Rand Maccrae', 4, 'eget congue eget semper rutrum nulla'),
(311, 14, 'Aurelie Brazel', 10, 'leo odio porttitor id consequat in consequat ut nulla sed accumsan felis ut'),
(312, 48, 'Fred Burkill', 7, 'mauris eget massa tempor convallis nulla neque libero convallis eget'),
(313, 15, 'Norbie Farnfield', 10, 'justo sit amet sapien dignissim vestibulum vestibulum ante ipsum primis in faucibus orci luctus et'),
(314, 24, 'Dara Gounet', 5, 'ante vestibulum ante ipsum primis in faucibus orci'),
(315, 8, 'Tierney Lebang', 7, 'odio donec vitae nisi nam ultrices libero non mattis pulvinar nulla pede ullamcorper augue'),
(316, 12, 'Cele Omar', 1, 'id nulla ultrices aliquet maecenas leo odio condimentum id'),
(317, 12, 'Dael Cassella', 5, 'tincidunt eu felis fusce posuere felis sed lacus morbi'),
(318, 1, 'Ara Trundell', 1, 'justo eu massa donec dapibus duis'),
(319, 37, 'Robers Lorain', 2, 'consequat lectus in est risus auctor sed'),
(320, 16, 'Ki Samwaye', 4, 'elit proin interdum mauris non'),
(321, 27, 'Penny Keenlayside', 10, 'nulla integer pede justo lacinia eget tincidunt'),
(322, 35, 'Marjy Staker', 7, 'nunc viverra dapibus nulla suscipit'),
(323, 44, 'Ashly Gowanlock', 5, 'non velit donec diam neque vestibulum eget vulputate'),
(324, 36, 'Shirley Beddows', 3, 'venenatis tristique fusce congue diam id ornare imperdiet sapien urna pretium nisl ut'),
(325, 21, 'Florella Ezele', 9, 'proin eu mi nulla ac'),
(326, 25, 'Kenon Ansett', 1, 'quis odio consequat varius integer ac leo pellentesque ultrices mattis odio donec vitae'),
(327, 12, 'Alexander Terese', 6, 'in libero ut massa volutpat convallis morbi odio odio elementum eu interdum eu tincidunt in'),
(328, 10, 'Garrett Legging', 10, 'at dolor quis odio consequat varius integer ac leo pellentesque ultrices mattis odio donec'),
(329, 35, 'Daniele Tranmer', 5, 'proin interdum mauris non ligula pellentesque'),
(330, 44, 'Alexandro Jansie', 10, 'tellus nulla ut erat id'),
(331, 43, 'Allis O\'Connell', 5, 'odio consequat varius integer ac leo'),
(332, 1, 'Hobie Critten', 6, 'quisque arcu libero rutrum ac'),
(333, 12, 'Aldo Gueny', 7, 'nunc nisl duis bibendum felis sed interdum venenatis turpis'),
(334, 37, 'Shepard Alexsandrov', 6, 'vestibulum quam sapien varius ut blandit non interdum in ante vestibulum ante ipsum primis in'),
(335, 48, 'Margareta Arton', 6, 'enim lorem ipsum dolor sit'),
(336, 26, 'North McGrah', 3, 'imperdiet et commodo vulputate justo in blandit ultrices enim lorem ipsum dolor sit amet'),
(337, 10, 'Wynne Norcock', 3, 'nulla suscipit ligula in lacus curabitur at ipsum ac tellus semper interdum mauris'),
(338, 46, 'Boone Tackle', 5, 'sagittis sapien cum sociis natoque penatibus et'),
(339, 24, 'Maure Copnall', 1, 'morbi a ipsum integer a nibh in quis justo maecenas rhoncus aliquam lacus'),
(340, 36, 'Cliff Phippen', 6, 'nulla facilisi cras non velit nec nisi vulputate nonummy maecenas tincidunt lacus at'),
(341, 33, 'Violante Jaggs', 3, 'adipiscing molestie hendrerit at vulputate vitae nisl aenean lectus pellentesque eget nunc donec'),
(342, 16, 'Krystyna Malenoir', 4, 'luctus rutrum nulla tellus in sagittis dui vel'),
(343, 48, 'Piper Attride', 5, 'dolor morbi vel lectus in quam fringilla'),
(344, 37, 'Rodrique Misson', 1, 'libero convallis eget eleifend luctus ultricies eu nibh quisque id justo sit amet'),
(345, 30, 'Whitney Amoore', 8, 'lacus morbi quis tortor id nulla ultrices aliquet maecenas'),
(346, 37, 'Chelsea Marwick', 2, 'nisi eu orci mauris lacinia'),
(347, 12, 'Kristien Aggas', 8, 'dis parturient montes nascetur ridiculus mus etiam vel augue vestibulum rutrum rutrum neque'),
(348, 31, 'Marion Verbeek', 8, 'sapien in sapien iaculis congue vivamus metus arcu adipiscing molestie hendrerit at vulputate vitae nisl'),
(349, 42, 'Jerri Bellhouse', 10, 'eu interdum eu tincidunt in leo maecenas pulvinar lobortis est'),
(350, 42, 'Blanca Provost', 5, 'metus sapien ut nunc vestibulum ante ipsum primis in faucibus'),
(351, 6, 'Florinda Petti', 5, 'consectetuer eget rutrum at lorem integer tincidunt ante vel ipsum praesent blandit lacinia erat'),
(352, 42, 'La verne Huntingdon', 4, 'odio consequat varius integer ac leo pellentesque ultrices mattis odio donec'),
(353, 24, 'Reginald Ezzle', 5, 'amet cursus id turpis integer aliquet massa id'),
(354, 34, 'Sybil Poon', 5, 'dictumst maecenas ut massa quis augue luctus tincidunt nulla'),
(355, 11, 'Lucia Strevens', 9, 'amet eleifend pede libero quis orci nullam molestie nibh in'),
(356, 20, 'Meta Foley', 5, 'duis consequat dui nec nisi volutpat eleifend'),
(357, 43, 'Morgen Coxon', 8, 'morbi odio odio elementum eu'),
(358, 5, 'Berkie Ionn', 8, 'ut massa volutpat convallis morbi odio odio elementum'),
(359, 12, 'Jillian Lawes', 5, 'donec dapibus duis at velit eu est congue elementum in'),
(360, 25, 'Chucho Towner', 4, 'accumsan felis ut at dolor quis odio'),
(361, 37, 'Shae Ker', 5, 'vulputate ut ultrices vel augue vestibulum ante ipsum'),
(362, 27, 'Nell Tweedlie', 4, 'posuere cubilia curae donec pharetra'),
(363, 49, 'Christan Caudelier', 4, 'ante ipsum primis in faucibus orci luctus et ultrices'),
(364, 41, 'Roshelle Seebright', 9, 'lectus pellentesque at nulla suspendisse potenti'),
(365, 10, 'Cal Benez', 8, 'vel enim sit amet nunc viverra dapibus nulla suscipit'),
(366, 11, 'Benny Rabbatts', 6, 'sapien arcu sed augue aliquam'),
(367, 11, 'Desi Wabersich', 9, 'duis at velit eu est congue elementum in hac habitasse platea dictumst morbi'),
(368, 43, 'Bone Inkle', 1, 'consequat ut nulla sed accumsan felis ut at dolor quis'),
(369, 19, 'Gail Hughill', 6, 'vulputate elementum nullam varius nulla facilisi cras non velit nec nisi vulputate'),
(370, 13, 'Angeli Croci', 9, 'non mauris morbi non lectus aliquam sit amet diam in magna bibendum imperdiet nullam'),
(371, 33, 'Pat Rimmer', 3, 'sapien non mi integer ac'),
(372, 31, 'Germana O\'Concannon', 4, 'et ultrices posuere cubilia curae mauris viverra diam vitae quam suspendisse potenti nullam porttitor'),
(373, 17, 'Margret Whitlock', 1, 'augue aliquam erat volutpat in'),
(374, 26, 'Ringo Bellelli', 7, 'sapien dignissim vestibulum vestibulum ante ipsum primis in faucibus'),
(375, 43, 'Alfi Costock', 2, 'vestibulum rutrum rutrum neque aenean auctor gravida sem praesent id massa id nisl venenatis'),
(376, 3, 'Stacie Coulthard', 2, 'ante ipsum primis in faucibus orci luctus et'),
(377, 40, 'Gracia Hailey', 6, 'lectus pellentesque eget nunc donec'),
(378, 21, 'Lesly Itscovitz', 6, 'feugiat non pretium quis lectus suspendisse potenti in'),
(379, 7, 'Ignace Reppaport', 1, 'pulvinar sed nisl nunc rhoncus dui vel sem sed sagittis nam'),
(380, 20, 'Cary Yankishin', 5, 'amet nunc viverra dapibus nulla suscipit ligula in lacus curabitur'),
(381, 19, 'Renard Keddy', 5, 'dui proin leo odio porttitor id consequat in consequat ut nulla sed accumsan'),
(382, 44, 'Claire Esland', 3, 'porta volutpat quam pede lobortis ligula sit amet'),
(383, 47, 'Heddie Croan', 2, 'dictumst etiam faucibus cursus urna ut tellus nulla ut erat'),
(384, 7, 'Fern Pedgrift', 5, 'vestibulum eget vulputate ut ultrices vel augue vestibulum ante ipsum primis in faucibus orci luctus'),
(385, 19, 'Noam Linham', 4, 'at nulla suspendisse potenti cras in purus eu magna vulputate luctus cum sociis natoque'),
(386, 11, 'Josephine Peggram', 9, 'augue quam sollicitudin vitae consectetuer eget rutrum at lorem integer tincidunt ante vel ipsum praesent'),
(387, 26, 'Tarah Bartelet', 6, 'consequat in consequat ut nulla sed'),
(388, 12, 'Phillida Maylam', 7, 'justo pellentesque viverra pede ac diam cras pellentesque volutpat dui maecenas tristique'),
(389, 1, 'Siusan Farrar', 3, 'cursus vestibulum proin eu mi nulla ac enim in tempor turpis'),
(390, 49, 'Dyna Seago', 7, 'iaculis congue vivamus metus arcu adipiscing molestie'),
(391, 8, 'Rem Fidele', 6, 'augue a suscipit nulla elit ac nulla sed vel enim sit amet nunc'),
(392, 28, 'Kilian Tuffey', 1, 'dignissim vestibulum vestibulum ante ipsum primis in faucibus orci luctus et ultrices posuere'),
(393, 50, 'Jobina Possell', 7, 'sem praesent id massa id'),
(394, 18, 'Murray Shea', 7, 'congue vivamus metus arcu adipiscing molestie hendrerit at vulputate vitae nisl'),
(395, 31, 'Huberto Attenbrow', 3, 'aliquam erat volutpat in congue etiam justo etiam pretium iaculis justo in hac'),
(396, 15, 'Fedora Limpenny', 2, 'volutpat convallis morbi odio odio'),
(397, 38, 'Verene Sorley', 7, 'erat fermentum justo nec condimentum neque sapien placerat ante nulla justo aliquam'),
(398, 16, 'Miller Hyndman', 3, 'natoque penatibus et magnis dis parturient montes nascetur ridiculus mus etiam vel augue'),
(399, 16, 'Lezlie Pont', 8, 'et ultrices posuere cubilia curae nulla dapibus dolor vel est donec odio'),
(400, 38, 'Devina Pavkovic', 9, 'lacus at velit vivamus vel nulla eget eros elementum pellentesque quisque'),
(401, 4, 'Barney Marunchak', 4, 'a feugiat et eros vestibulum ac'),
(402, 14, 'Cynthia Theaker', 5, 'augue vel accumsan tellus nisi eu orci mauris lacinia sapien'),
(403, 33, 'Corrinne Gilbeart', 9, 'congue elementum in hac habitasse platea dictumst'),
(404, 45, 'Darnell Bossingham', 6, 'tortor risus dapibus augue vel accumsan tellus nisi eu orci mauris lacinia sapien'),
(405, 38, 'Cal Wantling', 4, 'vestibulum sit amet cursus id turpis integer aliquet massa id'),
(406, 17, 'Boyce Boness', 5, 'eu magna vulputate luctus cum sociis natoque penatibus et magnis dis parturient montes nascetur ridiculus'),
(407, 41, 'Farlee Climer', 1, 'massa id lobortis convallis tortor risus dapibus augue vel accumsan tellus nisi eu orci'),
(408, 49, 'Montgomery Rough', 7, 'adipiscing molestie hendrerit at vulputate vitae nisl aenean lectus pellentesque eget'),
(409, 43, 'Mirelle Volage', 5, 'magna vestibulum aliquet ultrices erat tortor sollicitudin mi sit amet lobortis sapien sapien'),
(410, 33, 'Adrian Brazenor', 10, 'mi nulla ac enim in tempor turpis nec euismod scelerisque quam turpis'),
(411, 32, 'Dwain Pynner', 1, 'tempus vel pede morbi porttitor lorem id ligula suspendisse ornare'),
(412, 29, 'Tirrell Dallow', 2, 'congue risus semper porta volutpat quam pede lobortis'),
(413, 8, 'Dyan Lievesley', 9, 'gravida nisi at nibh in hac habitasse platea dictumst aliquam'),
(414, 18, 'Erwin Jotham', 8, 'vulputate luctus cum sociis natoque penatibus'),
(415, 46, 'Nyssa McGourty', 7, 'at turpis a pede posuere nonummy integer non velit donec diam neque vestibulum'),
(416, 28, 'Maire Jenicke', 9, 'hendrerit at vulputate vitae nisl aenean lectus pellentesque eget nunc'),
(417, 38, 'Donnajean Steeples', 8, 'molestie sed justo pellentesque viverra pede ac diam cras pellentesque'),
(418, 12, 'Verna Lofty', 6, 'risus semper porta volutpat quam pede lobortis'),
(419, 13, 'Verney Gregine', 7, 'ut at dolor quis odio consequat varius integer'),
(420, 41, 'Marlie Smurfit', 6, 'cum sociis natoque penatibus et magnis dis parturient montes nascetur ridiculus mus etiam vel'),
(421, 25, 'Haley Purtell', 2, 'sem sed sagittis nam congue risus semper porta volutpat quam pede'),
(422, 38, 'Jere Cosford', 8, 'suspendisse potenti in eleifend quam a odio in hac habitasse platea dictumst maecenas ut'),
(423, 8, 'Drucill Halpen', 5, 'nam congue risus semper porta volutpat quam pede lobortis ligula sit amet eleifend'),
(424, 28, 'Chrotoem Sinkins', 5, 'integer non velit donec diam neque vestibulum eget vulputate'),
(425, 32, 'Devlen Readwing', 1, 'vel augue vestibulum ante ipsum primis in faucibus orci luctus et ultrices'),
(426, 50, 'Gale Hardwicke', 5, 'in magna bibendum imperdiet nullam orci'),
(427, 27, 'Lin Gullivent', 7, 'ligula in lacus curabitur at ipsum ac tellus semper interdum'),
(428, 43, 'Conney Yannoni', 6, 'orci vehicula condimentum curabitur in libero ut massa volutpat convallis morbi odio'),
(429, 49, 'Bradley Georgescu', 5, 'donec pharetra magna vestibulum aliquet ultrices erat tortor sollicitudin mi'),
(430, 9, 'Baird Haslum', 1, 'sit amet nulla quisque arcu libero rutrum ac lobortis vel dapibus at'),
(431, 41, 'Giffie Angerstein', 6, 'mauris sit amet eros suspendisse accumsan tortor quis turpis'),
(432, 50, 'Lilly Boal', 8, 'in lectus pellentesque at nulla'),
(433, 33, 'Rozalin Bamling', 10, 'aliquam erat volutpat in congue etiam justo'),
(434, 40, 'Tandi Duval', 3, 'bibendum imperdiet nullam orci pede venenatis non sodales sed tincidunt'),
(435, 45, 'Perrine Bowerbank', 3, 'est phasellus sit amet erat nulla tempus'),
(436, 7, 'Joanna Lermit', 2, 'metus aenean fermentum donec ut mauris eget massa tempor convallis nulla neque'),
(437, 8, 'Ruperta Sapp', 2, 'metus vitae ipsum aliquam non mauris morbi non lectus aliquam sit amet diam'),
(438, 25, 'Katrinka MacCurtain', 4, 'hac habitasse platea dictumst aliquam augue quam sollicitudin vitae consectetuer eget rutrum'),
(439, 35, 'Sascha O\'Hingerty', 7, 'vel accumsan tellus nisi eu orci mauris lacinia sapien quis libero nullam'),
(440, 37, 'Sky Bramhill', 1, 'cum sociis natoque penatibus et magnis dis parturient'),
(441, 7, 'Philippa Sennett', 3, 'phasellus id sapien in sapien iaculis congue'),
(442, 31, 'Tildy Rolance', 9, 'ligula nec sem duis aliquam convallis nunc proin at turpis a pede posuere nonummy integer'),
(443, 16, 'Toinette Milnthorpe', 4, 'sed sagittis nam congue risus'),
(444, 9, 'Ashely Dearing', 6, 'vestibulum ac est lacinia nisi venenatis tristique fusce congue diam id ornare imperdiet sapien urna'),
(445, 34, 'Cecil Roeby', 6, 'sit amet cursus id turpis integer aliquet'),
(446, 12, 'Alfy Lockery', 2, 'laoreet ut rhoncus aliquet pulvinar'),
(447, 11, 'Claudian McClunaghan', 4, 'magna ac consequat metus sapien ut nunc vestibulum ante ipsum primis in'),
(448, 33, 'Davine Barajas', 1, 'odio justo sollicitudin ut suscipit a'),
(449, 49, 'Charyl Caddens', 10, 'lectus in quam fringilla rhoncus mauris enim leo rhoncus'),
(450, 4, 'Antoni Winram', 10, 'in libero ut massa volutpat convallis'),
(451, 32, 'Inna Anyon', 4, 'sapien ut nunc vestibulum ante ipsum primis in faucibus orci luctus'),
(452, 3, 'Even Winfindale', 4, 'lorem vitae mattis nibh ligula nec sem duis aliquam'),
(453, 13, 'Lock Aspey', 10, 'in tempus sit amet sem fusce consequat nulla nisl nunc nisl'),
(454, 4, 'Chloe Mapes', 3, 'odio porttitor id consequat in consequat ut nulla sed'),
(455, 14, 'Ashby Luxton', 2, 'nulla dapibus dolor vel est donec'),
(456, 1, 'Elga Halwell', 7, 'maecenas leo odio condimentum id luctus nec molestie sed justo pellentesque viverra pede'),
(457, 24, 'Dirk Dawtrey', 6, 'sit amet justo morbi ut odio'),
(458, 12, 'Joseito Margach', 2, 'commodo placerat praesent blandit nam nulla integer pede'),
(459, 24, 'Ulrica Edyson', 7, 'in est risus auctor sed tristique in tempus sit amet sem fusce consequat nulla'),
(460, 15, 'Daisey Marrable', 2, 'suscipit a feugiat et eros vestibulum ac est lacinia nisi'),
(461, 7, 'Freda Brislane', 8, 'a ipsum integer a nibh in quis justo maecenas'),
(462, 39, 'Phillis Massard', 3, 'dictumst etiam faucibus cursus urna ut tellus nulla ut erat'),
(463, 42, 'Arly Larkin', 1, 'vestibulum ante ipsum primis in'),
(464, 31, 'Andie Reynold', 3, 'est donec odio justo sollicitudin ut suscipit a'),
(465, 4, 'Palm Merriday', 2, 'a libero nam dui proin leo'),
(466, 46, 'Farrell Bythway', 6, 'lectus aliquam sit amet diam in magna bibendum imperdiet nullam orci pede venenatis'),
(467, 36, 'Marsha Asmus', 3, 'felis donec semper sapien a libero nam dui proin leo'),
(468, 45, 'Tera Oldmeadow', 9, 'lobortis ligula sit amet eleifend pede libero'),
(469, 6, 'Mayne Whawell', 1, 'varius integer ac leo pellentesque ultrices mattis odio donec vitae'),
(470, 47, 'Prinz Hurles', 4, 'neque vestibulum eget vulputate ut ultrices'),
(471, 42, 'Danice Huggard', 10, 'condimentum id luctus nec molestie sed'),
(472, 10, 'Gene Puddle', 7, 'eget eleifend luctus ultricies eu nibh quisque id justo sit amet sapien dignissim vestibulum vestibulum'),
(473, 5, 'Reine Vahey', 1, 'magna at nunc commodo placerat praesent blandit nam nulla'),
(474, 3, 'Yelena Pahler', 8, 'felis eu sapien cursus vestibulum'),
(475, 26, 'Ashia Fisby', 7, 'non velit nec nisi vulputate nonummy maecenas tincidunt lacus at velit vivamus'),
(476, 23, 'Gregor Winkett', 10, 'habitasse platea dictumst morbi vestibulum velit id pretium iaculis'),
(477, 32, 'Maurits Dyzart', 10, 'sit amet sapien dignissim vestibulum vestibulum'),
(478, 7, 'Christophe Gooddie', 10, 'luctus rutrum nulla tellus in sagittis dui vel'),
(479, 34, 'Claudine Scarasbrick', 3, 'eu felis fusce posuere felis sed lacus morbi sem'),
(480, 49, 'Kristoffer Braunlein', 3, 'dictumst morbi vestibulum velit id pretium iaculis diam'),
(481, 36, 'Rollin Caldron', 4, 'luctus et ultrices posuere cubilia curae donec pharetra magna'),
(482, 37, 'Ossie Stormes', 10, 'quisque erat eros viverra eget congue'),
(483, 15, 'Rafaela Coy', 2, 'fermentum justo nec condimentum neque sapien'),
(484, 41, 'Benetta Baylie', 7, 'vestibulum quam sapien varius ut blandit non interdum in ante vestibulum ante'),
(485, 22, 'Sanderson Eltringham', 7, 'in congue etiam justo etiam pretium iaculis justo in hac habitasse platea dictumst etiam faucibus'),
(486, 50, 'Micheil Taillard', 5, 'vivamus vestibulum sagittis sapien cum sociis'),
(487, 32, 'Denyse Metherell', 6, 'pede ac diam cras pellentesque volutpat'),
(488, 47, 'Petronille MacNish', 8, 'at vulputate vitae nisl aenean lectus pellentesque eget nunc donec quis orci eget orci'),
(489, 22, 'Nikolas Guillard', 4, 'in ante vestibulum ante ipsum primis in faucibus orci luctus et'),
(490, 47, 'Gustavo Balden', 9, 'eu tincidunt in leo maecenas pulvinar lobortis est phasellus sit amet erat nulla'),
(491, 26, 'Kennedy Potbury', 6, 'lorem ipsum dolor sit amet consectetuer adipiscing elit proin risus praesent lectus vestibulum'),
(492, 38, 'Sandra Marking', 9, 'ultrices mattis odio donec vitae nisi nam ultrices'),
(493, 12, 'Leese Olver', 4, 'fusce lacus purus aliquet at feugiat non pretium quis lectus suspendisse'),
(494, 49, 'Fanya Tyson', 10, 'odio condimentum id luctus nec molestie sed justo'),
(495, 24, 'Tommie Willoway', 1, 'hac habitasse platea dictumst maecenas ut massa quis augue luctus tincidunt nulla'),
(496, 16, 'Milo McLarty', 7, 'in porttitor pede justo eu massa'),
(497, 17, 'Arlette Dugget', 10, 'ut suscipit a feugiat et eros vestibulum ac est lacinia nisi venenatis tristique fusce'),
(498, 24, 'Garald Tennant', 7, 'nibh in quis justo maecenas rhoncus aliquam'),
(499, 13, 'Nelli Slopier', 10, 'ridiculus mus vivamus vestibulum sagittis'),
(500, 7, 'Mack Quinney', 8, 'interdum mauris ullamcorper purus sit amet'),
(501, 25, 'Blinny Leach', 5, 'dui vel sem sed sagittis nam congue risus semper'),
(502, 28, 'Jaquenette Sear', 3, 'justo nec condimentum neque sapien placerat ante nulla justo aliquam quis turpis eget elit sodales'),
(503, 4, 'Burnaby Strelitzer', 1, 'molestie lorem quisque ut erat curabitur gravida nisi'),
(504, 2, 'Chandler Buckleigh', 2, 'est phasellus sit amet erat nulla tempus vivamus in felis eu sapien cursus'),
(505, 20, 'Margarete Mearns', 3, 'est et tempus semper est quam pharetra magna ac consequat metus sapien ut nunc vestibulum'),
(506, 50, 'Lela Stooke', 8, 'donec posuere metus vitae ipsum aliquam non'),
(507, 13, 'Ingaborg Titherington', 8, 'ut blandit non interdum in ante vestibulum ante ipsum primis in faucibus orci luctus'),
(508, 40, 'Clementia Squibe', 4, 'gravida nisi at nibh in hac habitasse platea dictumst aliquam augue quam sollicitudin vitae'),
(509, 34, 'Clemmie Binney', 6, 'nulla nisl nunc nisl duis bibendum felis sed interdum venenatis'),
(510, 2, 'Yorgos Dahmel', 5, 'odio consequat varius integer ac leo'),
(511, 29, 'Julian Iacobo', 8, 'risus dapibus augue vel accumsan tellus nisi eu orci mauris lacinia'),
(512, 38, 'Adelle Elt', 3, 'feugiat et eros vestibulum ac'),
(513, 2, 'Deane Wilkie', 7, 'ultrices posuere cubilia curae donec pharetra magna vestibulum aliquet'),
(514, 43, 'Horst Normanton', 4, 'adipiscing molestie hendrerit at vulputate vitae nisl aenean lectus pellentesque eget nunc'),
(515, 25, 'Sven Kepe', 4, 'consequat nulla nisl nunc nisl duis bibendum felis sed interdum venenatis'),
(516, 2, 'Kiley Imorts', 9, 'in est risus auctor sed tristique in tempus sit amet sem fusce consequat'),
(517, 16, 'Lauralee Buffey', 2, 'pellentesque ultrices mattis odio donec vitae nisi nam ultrices libero'),
(518, 39, 'Joby Kynaston', 4, 'blandit mi in porttitor pede justo eu massa donec dapibus duis'),
(519, 7, 'Norrie Brahmer', 3, 'a odio in hac habitasse platea dictumst maecenas ut massa'),
(520, 15, 'Nichole Grennan', 10, 'pulvinar sed nisl nunc rhoncus dui vel sem sed'),
(521, 15, 'Alice Scurfield', 8, 'eleifend luctus ultricies eu nibh quisque id justo sit'),
(522, 14, 'Shelbi Bleddon', 8, 'morbi non quam nec dui luctus rutrum'),
(523, 16, 'Valida Hammerman', 8, 'integer ac neque duis bibendum morbi non quam nec'),
(524, 3, 'Wendi Thacke', 1, 'duis mattis egestas metus aenean fermentum donec ut mauris eget massa tempor convallis');
INSERT INTO `hinnangud` (`id`, `toidukoha_id`, `nimi`, `hinne`, `kommentaar`) VALUES
(525, 23, 'Milton Dermott', 3, 'consequat ut nulla sed accumsan felis ut at dolor quis odio'),
(526, 24, 'Leupold Ertel', 2, 'odio justo sollicitudin ut suscipit a feugiat et eros vestibulum ac'),
(527, 2, 'Yasmin Larrington', 3, 'pellentesque quisque porta volutpat erat quisque erat eros viverra eget congue eget semper rutrum'),
(528, 20, 'Dulsea Doudney', 10, 'in purus eu magna vulputate luctus cum sociis natoque penatibus et magnis dis'),
(529, 40, 'Udall Battell', 3, 'pharetra magna ac consequat metus sapien ut nunc'),
(530, 22, 'Rosa Ganforth', 5, 'leo pellentesque ultrices mattis odio donec vitae nisi nam'),
(531, 43, 'Prinz Conville', 6, 'vel est donec odio justo'),
(532, 4, 'Waldo Semeniuk', 10, 'luctus et ultrices posuere cubilia curae nulla dapibus'),
(533, 16, 'Datha Zorzi', 10, 'libero convallis eget eleifend luctus ultricies eu nibh quisque id justo sit amet sapien dignissim'),
(534, 34, 'Krysta Gabitis', 2, 'odio cras mi pede malesuada in imperdiet et commodo vulputate justo in blandit ultrices enim'),
(535, 49, 'Puff Ziemsen', 2, 'sollicitudin vitae consectetuer eget rutrum at lorem integer tincidunt'),
(536, 7, 'Maxie Deeks', 2, 'luctus et ultrices posuere cubilia'),
(537, 8, 'Nestor Siddons', 10, 'congue diam id ornare imperdiet sapien urna pretium nisl ut volutpat sapien arcu sed'),
(538, 3, 'Faythe Sacks', 5, 'phasellus sit amet erat nulla tempus vivamus in felis eu'),
(539, 26, 'Claudelle Laye', 7, 'sapien quis libero nullam sit amet turpis elementum ligula vehicula consequat morbi a ipsum'),
(540, 3, 'Kari Hickford', 10, 'lacus purus aliquet at feugiat non pretium quis lectus suspendisse potenti in'),
(541, 39, 'Peter Greenough', 6, 'mauris non ligula pellentesque ultrices phasellus id sapien'),
(542, 33, 'Tamarah Varvara', 7, 'vestibulum sed magna at nunc commodo'),
(543, 12, 'Mercy Haggeth', 4, 'integer a nibh in quis justo maecenas rhoncus aliquam'),
(544, 33, 'Orelia Swatland', 1, 'quisque id justo sit amet sapien dignissim vestibulum'),
(545, 37, 'Wilfred Blease', 4, 'purus sit amet nulla quisque arcu libero rutrum ac'),
(546, 29, 'Phylys Alesi', 4, 'non mattis pulvinar nulla pede ullamcorper augue'),
(547, 42, 'Brew Canny', 9, 'curabitur in libero ut massa volutpat convallis morbi odio odio elementum'),
(548, 27, 'Garvy Gerardet', 2, 'id turpis integer aliquet massa id lobortis convallis tortor risus dapibus augue vel accumsan tellus'),
(549, 29, 'Victoria Savege', 7, 'aliquam quis turpis eget elit sodales scelerisque mauris sit amet'),
(550, 22, 'Issi Saipy', 8, 'ut ultrices vel augue vestibulum ante ipsum primis in'),
(551, 30, 'Terrie Feaviour', 8, 'libero ut massa volutpat convallis morbi odio odio'),
(552, 7, 'Verge Aldrick', 5, 'et ultrices posuere cubilia curae mauris viverra diam'),
(553, 23, 'Boote Franzotto', 8, 'sit amet turpis elementum ligula vehicula consequat morbi a ipsum integer a'),
(554, 38, 'Chance Themann', 8, 'integer ac neque duis bibendum morbi non quam nec dui luctus rutrum nulla tellus'),
(555, 28, 'Garv Wiley', 4, 'ante vestibulum ante ipsum primis in faucibus orci luctus et'),
(556, 40, 'Nissa De la Eglise', 4, 'in faucibus orci luctus et ultrices posuere cubilia curae'),
(557, 19, 'Rolfe Dunkerly', 3, 'odio cras mi pede malesuada in imperdiet'),
(558, 43, 'Tymothy Puckring', 5, 'diam vitae quam suspendisse potenti nullam porttitor lacus at turpis donec'),
(559, 31, 'Megan Kintzel', 9, 'odio cras mi pede malesuada in imperdiet et'),
(560, 33, 'Miof mela Ollivier', 8, 'integer tincidunt ante vel ipsum praesent blandit lacinia erat vestibulum sed magna'),
(561, 44, 'Lian Canario', 4, 'pulvinar lobortis est phasellus sit amet erat nulla tempus vivamus in'),
(562, 18, 'Kristo Witherby', 5, 'eu interdum eu tincidunt in leo maecenas pulvinar lobortis est phasellus'),
(563, 39, 'Hector Stern', 2, 'massa quis augue luctus tincidunt nulla mollis molestie lorem'),
(564, 17, 'Ximenez Lamprecht', 8, 'diam cras pellentesque volutpat dui maecenas tristique est et'),
(565, 6, 'Crosby Cordy', 1, 'venenatis non sodales sed tincidunt eu felis fusce posuere felis'),
(566, 7, 'Arnie Edgeler', 1, 'orci nullam molestie nibh in lectus pellentesque at nulla suspendisse'),
(567, 40, 'Simmonds Wogan', 9, 'maecenas pulvinar lobortis est phasellus'),
(568, 15, 'Kayley Joliffe', 5, 'dictumst maecenas ut massa quis augue luctus'),
(569, 24, 'Huntlee Polotti', 2, 'sapien quis libero nullam sit amet turpis elementum'),
(570, 22, 'Callie Wellington', 3, 'leo maecenas pulvinar lobortis est phasellus sit amet erat nulla tempus'),
(571, 2, 'Conchita Chilcotte', 4, 'id consequat in consequat ut nulla'),
(572, 25, 'Arliene Creeber', 7, 'faucibus orci luctus et ultrices posuere cubilia curae nulla dapibus'),
(573, 18, 'Ave Gandley', 5, 'nec nisi vulputate nonummy maecenas tincidunt lacus at velit vivamus vel nulla eget'),
(574, 24, 'Rolf Mash', 1, 'vulputate luctus cum sociis natoque penatibus et magnis'),
(575, 44, 'Gamaliel O\'Mara', 7, 'proin at turpis a pede posuere nonummy integer non velit donec diam'),
(576, 39, 'Gerianna Aubri', 10, 'tellus nulla ut erat id mauris vulputate'),
(577, 11, 'Kym Rosander', 6, 'sed vestibulum sit amet cursus id turpis'),
(578, 29, 'Tawnya Afonso', 8, 'fusce posuere felis sed lacus morbi sem mauris laoreet ut rhoncus aliquet pulvinar sed nisl'),
(579, 22, 'Annadiana Rounds', 7, 'habitasse platea dictumst etiam faucibus cursus urna ut'),
(580, 47, 'Doy Guirard', 1, 'a nibh in quis justo maecenas rhoncus aliquam lacus morbi quis'),
(581, 47, 'Rickie Mounce', 5, 'id nisl venenatis lacinia aenean sit amet'),
(582, 30, 'Selestina Wheatley', 10, 'molestie hendrerit at vulputate vitae nisl aenean lectus pellentesque eget nunc'),
(583, 29, 'Randy Wooland', 4, 'diam id ornare imperdiet sapien urna pretium nisl ut volutpat'),
(584, 1, 'Ernest Jack', 3, 'sapien varius ut blandit non interdum'),
(585, 20, 'Enrico Yakovich', 7, 'luctus cum sociis natoque penatibus et magnis dis parturient montes nascetur'),
(586, 15, 'Dalila Willox', 2, 'integer a nibh in quis'),
(587, 47, 'Lulita Mouland', 5, 'ultrices vel augue vestibulum ante ipsum primis in faucibus orci'),
(588, 25, 'Hunfredo Pointing', 10, 'porta volutpat quam pede lobortis ligula sit amet eleifend pede libero quis orci nullam molestie'),
(589, 31, 'Bernard Klaves', 2, 'viverra dapibus nulla suscipit ligula in lacus curabitur at'),
(590, 11, 'Cammi Natt', 8, 'consequat ut nulla sed accumsan felis ut at dolor quis odio consequat varius integer ac'),
(591, 34, 'Avery Creboe', 1, 'sed nisl nunc rhoncus dui vel sem sed'),
(592, 33, 'Florrie Roony', 5, 'congue elementum in hac habitasse platea dictumst morbi vestibulum velit id pretium iaculis diam'),
(593, 18, 'Inger Spragg', 8, 'turpis sed ante vivamus tortor'),
(594, 4, 'Roxanne Casaroli', 8, 'tincidunt lacus at velit vivamus vel nulla'),
(595, 11, 'Jody Westphalen', 4, 'donec diam neque vestibulum eget vulputate'),
(596, 2, 'Darn Nussen', 4, 'sem sed sagittis nam congue risus semper porta volutpat quam pede'),
(597, 26, 'Johannah Blezard', 9, 'nec dui luctus rutrum nulla tellus in sagittis dui vel nisl'),
(598, 10, 'Jacquie Virgin', 1, 'nisl duis ac nibh fusce lacus purus aliquet at feugiat non pretium quis'),
(599, 43, 'Wilmar Chrstine', 10, 'bibendum felis sed interdum venenatis turpis enim blandit mi in porttitor pede justo eu'),
(600, 14, 'L;urette Busek', 5, 'fringilla rhoncus mauris enim leo rhoncus sed vestibulum sit amet cursus id turpis'),
(601, 47, 'Douglas Frary', 1, 'quisque id justo sit amet sapien dignissim vestibulum'),
(602, 49, 'Arliene Aggs', 1, 'nam congue risus semper porta volutpat quam pede lobortis ligula sit amet eleifend'),
(603, 22, 'Chad Lambkin', 1, 'sed tincidunt eu felis fusce posuere'),
(604, 11, 'Aldin Bunton', 6, 'dis parturient montes nascetur ridiculus mus etiam'),
(605, 50, 'Onofredo Fiddler', 6, 'vulputate justo in blandit ultrices enim lorem ipsum dolor sit amet'),
(606, 16, 'Henrik De Ath', 7, 'augue vestibulum rutrum rutrum neque aenean auctor'),
(607, 3, 'Curcio McVitty', 4, 'in libero ut massa volutpat convallis morbi'),
(608, 30, 'Shirleen Lesmonde', 3, 'sodales scelerisque mauris sit amet eros suspendisse accumsan tortor quis'),
(609, 12, 'Katherine Tick', 9, 'non mauris morbi non lectus aliquam sit amet diam in'),
(610, 7, 'Deni Lyddiatt', 6, 'luctus nec molestie sed justo pellentesque viverra pede ac diam cras pellentesque volutpat dui'),
(611, 12, 'Mort Aves', 3, 'vestibulum ac est lacinia nisi venenatis tristique fusce congue'),
(612, 47, 'Damita Etridge', 10, 'eros suspendisse accumsan tortor quis turpis sed ante'),
(613, 38, 'Darren Miroy', 10, 'tincidunt lacus at velit vivamus vel nulla eget eros elementum pellentesque quisque porta volutpat'),
(614, 48, 'Chrotoem Worsnop', 8, 'vestibulum sed magna at nunc'),
(615, 43, 'Aharon Trobridge', 9, 'erat volutpat in congue etiam justo etiam pretium iaculis justo in hac habitasse'),
(616, 26, 'Laughton Kenryd', 9, 'ultrices erat tortor sollicitudin mi sit amet'),
(617, 44, 'Inge Beldham', 6, 'ligula nec sem duis aliquam convallis nunc proin at turpis a pede posuere'),
(618, 24, 'Norman Cleve', 2, 'elementum nullam varius nulla facilisi cras non velit'),
(619, 43, 'Vincents Mussilli', 8, 'nec sem duis aliquam convallis'),
(620, 28, 'Sonja Vasilov', 7, 'curae duis faucibus accumsan odio curabitur convallis duis consequat dui nec nisi'),
(621, 33, 'Scarlett Brinsden', 3, 'in faucibus orci luctus et ultrices'),
(622, 9, 'Svend Carsey', 3, 'sapien in sapien iaculis congue vivamus metus'),
(623, 12, 'Andrey Roft', 2, 'lobortis est phasellus sit amet erat nulla tempus vivamus in felis eu sapien'),
(624, 4, 'Federico Meeke', 8, 'mauris lacinia sapien quis libero nullam sit amet turpis elementum ligula vehicula consequat morbi'),
(625, 33, 'Marv Francklin', 2, 'ante vestibulum ante ipsum primis in faucibus orci luctus et'),
(626, 15, 'Cecile Favela', 1, 'cursus vestibulum proin eu mi nulla ac enim in tempor turpis nec euismod'),
(627, 28, 'Arlana Ahrend', 2, 'eleifend donec ut dolor morbi vel'),
(628, 17, 'Marney Browett', 1, 'non sodales sed tincidunt eu felis fusce posuere felis sed lacus morbi sem'),
(629, 30, 'Elvis Ducker', 1, 'interdum venenatis turpis enim blandit mi in porttitor pede justo eu massa donec dapibus duis'),
(630, 14, 'Frederick Brand-Hardy', 8, 'risus dapibus augue vel accumsan tellus nisi eu orci mauris lacinia'),
(631, 7, 'Madge Keelan', 8, 'iaculis justo in hac habitasse platea dictumst'),
(632, 7, 'Jacquelin Jencey', 1, 'vitae nisi nam ultrices libero non mattis pulvinar'),
(633, 21, 'Nicol Gaither', 5, 'dolor vel est donec odio justo sollicitudin ut suscipit a feugiat et'),
(634, 1, 'Vick Regina', 7, 'et ultrices posuere cubilia curae nulla dapibus dolor vel est donec odio justo sollicitudin'),
(635, 39, 'Xever Licciardi', 6, 'ultrices mattis odio donec vitae nisi nam ultrices libero non mattis pulvinar nulla pede ullamcorper'),
(636, 28, 'Marabel Lorence', 8, 'nulla suscipit ligula in lacus curabitur at ipsum ac tellus semper interdum mauris'),
(637, 40, 'Salem D\'Ambrogi', 10, 'hac habitasse platea dictumst aliquam augue quam'),
(638, 35, 'Zebedee Twelvetree', 3, 'ridiculus mus etiam vel augue vestibulum rutrum rutrum'),
(639, 31, 'Ania Tennick', 5, 'id pretium iaculis diam erat fermentum justo nec condimentum'),
(640, 47, 'Hadley Boundley', 3, 'id luctus nec molestie sed justo pellentesque'),
(641, 29, 'Teodoor Mesnard', 6, 'potenti nullam porttitor lacus at turpis donec posuere metus vitae'),
(642, 1, 'Calley Inglish', 6, 'cras pellentesque volutpat dui maecenas tristique est et tempus semper est quam pharetra magna ac'),
(643, 1, 'Lisle Pittoli', 6, 'in faucibus orci luctus et ultrices posuere'),
(644, 40, 'Ansell MacCrosson', 3, 'proin eu mi nulla ac enim in'),
(645, 40, 'Maddie Crosfield', 8, 'nulla tempus vivamus in felis eu sapien cursus vestibulum proin eu'),
(646, 18, 'Lizzie Vatcher', 8, 'libero convallis eget eleifend luctus ultricies eu nibh quisque id justo'),
(647, 4, 'Edvard Mapledoram', 5, 'eget vulputate ut ultrices vel augue vestibulum ante ipsum primis in faucibus orci luctus'),
(648, 18, 'Dannie Bidgod', 6, 'dis parturient montes nascetur ridiculus mus'),
(649, 41, 'Vite Hurt', 6, 'leo rhoncus sed vestibulum sit amet cursus id'),
(650, 42, 'Alicea Korda', 4, 'curabitur in libero ut massa volutpat convallis morbi odio odio elementum eu interdum eu'),
(651, 12, 'Rowney Billows', 9, 'non interdum in ante vestibulum ante ipsum primis in faucibus orci'),
(652, 19, 'Gram Cornelius', 9, 'et commodo vulputate justo in blandit ultrices enim lorem'),
(653, 17, 'Raddy Daen', 7, 'tellus nisi eu orci mauris lacinia sapien'),
(654, 36, 'Bethena Phillins', 7, 'ut ultrices vel augue vestibulum ante ipsum primis in faucibus'),
(655, 28, 'Cosimo Pigot', 10, 'dolor vel est donec odio justo sollicitudin ut suscipit a feugiat et'),
(656, 31, 'Wat Bezzant', 6, 'vestibulum sit amet cursus id'),
(657, 23, 'Rasla Scoyne', 9, 'metus sapien ut nunc vestibulum ante ipsum primis'),
(658, 19, 'Carolee Shires', 5, 'ridiculus mus vivamus vestibulum sagittis sapien cum sociis natoque penatibus et magnis'),
(659, 36, 'King Vedntyev', 1, 'in tempus sit amet sem fusce consequat nulla'),
(660, 4, 'Kerrie Rolfi', 10, 'interdum in ante vestibulum ante ipsum primis in faucibus orci'),
(661, 48, 'Kathie Fothergill', 1, 'orci mauris lacinia sapien quis libero nullam sit amet'),
(662, 22, 'Stoddard Woolfenden', 1, 'tincidunt in leo maecenas pulvinar lobortis est phasellus sit amet erat'),
(663, 43, 'Ferris Flucker', 5, 'convallis eget eleifend luctus ultricies'),
(664, 24, 'Shirleen Prangnell', 10, 'nulla dapibus dolor vel est donec odio justo sollicitudin ut suscipit a feugiat'),
(665, 6, 'Hatti Napoleon', 9, 'at dolor quis odio consequat varius integer ac'),
(666, 43, 'Terrill Pymer', 6, 'aliquet at feugiat non pretium quis lectus suspendisse potenti in eleifend quam a odio'),
(667, 6, 'Colline Sturdgess', 1, 'ante vel ipsum praesent blandit lacinia erat vestibulum sed magna'),
(668, 24, 'Cathee Bottomer', 2, 'aliquet ultrices erat tortor sollicitudin mi sit amet'),
(669, 6, 'Brana Gellately', 6, 'ut blandit non interdum in ante vestibulum ante ipsum primis in faucibus orci luctus'),
(670, 2, 'Iona Gouldie', 8, 'in tempus sit amet sem'),
(671, 22, 'Virgie Iamittii', 10, 'donec vitae nisi nam ultrices libero non mattis pulvinar nulla pede ullamcorper augue a suscipit'),
(672, 27, 'Claresta Gilfoyle', 8, 'curabitur convallis duis consequat dui nec nisi volutpat eleifend donec'),
(673, 50, 'Luther McFaell', 2, 'augue vestibulum ante ipsum primis in faucibus orci luctus et ultrices posuere'),
(674, 30, 'Vida Frowing', 10, 'erat volutpat in congue etiam justo etiam pretium iaculis justo'),
(675, 33, 'Laurette Fonzone', 6, 'donec dapibus duis at velit eu est congue'),
(676, 31, 'Meyer Mottram', 1, 'lorem ipsum dolor sit amet consectetuer adipiscing elit'),
(677, 50, 'Johannes O\'Heagertie', 10, 'nulla ac enim in tempor turpis nec euismod scelerisque quam turpis adipiscing lorem vitae mattis'),
(678, 42, 'Laurent Fahy', 6, 'id consequat in consequat ut nulla sed accumsan felis ut at dolor quis'),
(679, 37, 'Ewell Bartosiak', 6, 'maecenas pulvinar lobortis est phasellus sit'),
(680, 29, 'Hendrika Cutts', 7, 'faucibus accumsan odio curabitur convallis'),
(681, 14, 'Celia Goodship', 3, 'tortor sollicitudin mi sit amet lobortis sapien'),
(682, 40, 'El McGowing', 10, 'donec diam neque vestibulum eget'),
(683, 7, 'Nevin Eversfield', 7, 'pede posuere nonummy integer non velit donec diam neque vestibulum'),
(684, 49, 'Brandy Radish', 5, 'augue quam sollicitudin vitae consectetuer eget rutrum at lorem integer'),
(685, 13, 'Mora Aldins', 6, 'accumsan tortor quis turpis sed ante vivamus tortor duis mattis'),
(686, 8, 'Mitch Raymont', 7, 'ut dolor morbi vel lectus in quam fringilla rhoncus mauris enim leo'),
(687, 42, 'Hebert MacAnulty', 3, 'ultrices enim lorem ipsum dolor sit amet consectetuer adipiscing elit proin'),
(688, 16, 'Candace Emson', 1, 'in congue etiam justo etiam pretium iaculis justo in hac habitasse platea dictumst etiam faucibus'),
(689, 39, 'Roselia Wagstaff', 1, 'diam id ornare imperdiet sapien urna pretium nisl ut volutpat sapien arcu sed augue'),
(690, 42, 'George Cunradi', 1, 'amet eleifend pede libero quis orci nullam molestie nibh in lectus pellentesque at nulla'),
(691, 27, 'Slade Byatt', 9, 'ligula suspendisse ornare consequat lectus in est risus auctor sed tristique in tempus sit amet'),
(692, 37, 'Sergent Brinsden', 10, 'luctus rutrum nulla tellus in sagittis dui vel'),
(693, 30, 'Theodora McCaughren', 3, 'nisl nunc nisl duis bibendum felis sed interdum'),
(694, 12, 'Nady Overil', 6, 'at velit eu est congue elementum in hac habitasse platea dictumst'),
(695, 18, 'Charley Matiewe', 5, 'in ante vestibulum ante ipsum primis in'),
(696, 16, 'Morgan Ducker', 2, 'justo morbi ut odio cras mi pede malesuada in'),
(697, 42, 'Marena Jakubczyk', 4, 'porttitor pede justo eu massa donec dapibus duis'),
(698, 29, 'Scot Rummings', 10, 'lobortis est phasellus sit amet erat nulla'),
(699, 6, 'Kerwinn Pelfer', 10, 'interdum mauris ullamcorper purus sit amet nulla quisque arcu libero rutrum ac lobortis'),
(700, 43, 'Fletch Patroni', 10, 'sapien a libero nam dui proin'),
(701, 28, 'Phillipp Loveless', 4, 'molestie hendrerit at vulputate vitae nisl aenean lectus pellentesque eget nunc donec quis orci eget'),
(702, 41, 'Conny Empleton', 8, 'neque duis bibendum morbi non quam nec dui luctus'),
(703, 38, 'Goldina Toon', 4, 'aenean sit amet justo morbi ut odio cras mi pede malesuada'),
(704, 22, 'Rica Giacobelli', 7, 'sed interdum venenatis turpis enim blandit'),
(705, 8, 'Stirling Feakins', 5, 'sagittis dui vel nisl duis ac nibh fusce'),
(706, 6, 'Vernon Ridding', 7, 'sollicitudin vitae consectetuer eget rutrum at lorem integer tincidunt ante vel ipsum praesent blandit lacinia'),
(707, 44, 'Timmie Philimore', 5, 'ligula vehicula consequat morbi a ipsum'),
(708, 34, 'Margalo Blamire', 3, 'eu tincidunt in leo maecenas pulvinar'),
(709, 17, 'Valerye Serjeant', 2, 'mi pede malesuada in imperdiet et commodo vulputate'),
(710, 16, 'Thurston Dorward', 6, 'sapien dignissim vestibulum vestibulum ante ipsum primis in faucibus orci luctus et'),
(711, 29, 'Jennee Selcraig', 2, 'cum sociis natoque penatibus et magnis dis parturient montes nascetur ridiculus mus etiam vel'),
(712, 1, 'Gilburt Janatka', 7, 'hac habitasse platea dictumst etiam faucibus cursus urna ut tellus'),
(713, 12, 'Buckie Pucker', 2, 'ut volutpat sapien arcu sed augue aliquam erat'),
(714, 4, 'Melvin Godon', 1, 'ultrices vel augue vestibulum ante ipsum primis'),
(715, 9, 'Elwira Band', 1, 'dignissim vestibulum vestibulum ante ipsum primis in faucibus'),
(716, 39, 'Stinky Dubble', 4, 'consequat lectus in est risus auctor sed tristique'),
(717, 27, 'Mike Salerno', 8, 'mattis nibh ligula nec sem duis'),
(718, 14, 'Dalila Costall', 8, 'vulputate vitae nisl aenean lectus pellentesque eget nunc'),
(719, 14, 'Katie Hurn', 2, 'lobortis sapien sapien non mi integer ac neque duis bibendum'),
(720, 20, 'Culver Kightly', 1, 'sit amet cursus id turpis integer aliquet massa id lobortis convallis tortor risus dapibus augue'),
(721, 8, 'Quint Georgeau', 3, 'ac enim in tempor turpis'),
(722, 28, 'Guglielma Dengel', 8, 'tempus vel pede morbi porttitor lorem id ligula suspendisse ornare consequat lectus in'),
(723, 2, 'Garvy Mollindinia', 6, 'tempus vel pede morbi porttitor'),
(724, 48, 'Enrichetta Glennie', 7, 'vulputate luctus cum sociis natoque penatibus et magnis dis parturient montes nascetur ridiculus mus'),
(725, 49, 'Reena Schroeder', 7, 'elementum in hac habitasse platea dictumst morbi vestibulum velit id pretium iaculis diam erat fermentum'),
(726, 1, 'Viki Vince', 10, 'posuere cubilia curae duis faucibus accumsan odio'),
(727, 18, 'Nerte Viney', 3, 'imperdiet sapien urna pretium nisl'),
(728, 24, 'Cole Clarricoates', 6, 'in faucibus orci luctus et ultrices posuere cubilia curae donec pharetra'),
(729, 32, 'Morlee Baudain', 7, 'consequat in consequat ut nulla sed accumsan felis ut at dolor quis'),
(730, 12, 'Carmine Delbergue', 9, 'ultrices libero non mattis pulvinar nulla pede ullamcorper augue a suscipit nulla elit'),
(731, 17, 'Salem Covil', 3, 'consequat dui nec nisi volutpat eleifend donec ut dolor morbi'),
(732, 17, 'Allina Lancaster', 6, 'potenti cras in purus eu magna'),
(733, 35, 'Alix Taysbil', 6, 'quis justo maecenas rhoncus aliquam lacus morbi quis tortor id nulla ultrices'),
(734, 37, 'Gilberta Thrasher', 5, 'nonummy maecenas tincidunt lacus at velit vivamus vel nulla eget eros elementum pellentesque quisque porta'),
(735, 40, 'Enrica Pepper', 10, 'sapien cursus vestibulum proin eu mi'),
(736, 33, 'Thorstein Klimkin', 10, 'eleifend pede libero quis orci nullam'),
(737, 22, 'Lefty Witherop', 5, 'sit amet eleifend pede libero quis'),
(738, 29, 'Keefer Bromell', 5, 'dui maecenas tristique est et tempus semper est quam pharetra magna ac consequat metus'),
(739, 12, 'Arlyn Ceney', 1, 'nec euismod scelerisque quam turpis adipiscing lorem vitae mattis nibh ligula nec sem duis aliquam'),
(740, 20, 'Norman Vescovini', 1, 'luctus cum sociis natoque penatibus et magnis dis parturient'),
(741, 42, 'Shermie Bortoli', 5, 'tellus semper interdum mauris ullamcorper purus sit amet nulla quisque arcu libero rutrum'),
(742, 34, 'Nicola Buzza', 8, 'tristique est et tempus semper est quam pharetra magna ac consequat metus sapien ut nunc'),
(743, 43, 'Joly Tuckwood', 3, 'euismod scelerisque quam turpis adipiscing lorem'),
(744, 5, 'Janie Linden', 8, 'eu sapien cursus vestibulum proin eu mi nulla ac enim in'),
(745, 30, 'Aurilia Faiers', 4, 'mattis egestas metus aenean fermentum donec ut'),
(746, 16, 'Tersina Evreux', 3, 'consequat ut nulla sed accumsan felis ut at dolor quis'),
(747, 37, 'Ashly Killcross', 8, 'erat nulla tempus vivamus in felis eu sapien'),
(748, 8, 'Rakel Triggol', 2, 'id ligula suspendisse ornare consequat lectus'),
(749, 42, 'Jolie Abendroth', 1, 'vestibulum ante ipsum primis in'),
(750, 11, 'Tedd Ventura', 5, 'varius integer ac leo pellentesque ultrices mattis odio donec vitae nisi nam'),
(751, 2, 'Valentino Kealey', 3, 'parturient montes nascetur ridiculus mus vivamus vestibulum sagittis sapien cum sociis natoque penatibus et'),
(752, 39, 'Bianka Lamburne', 3, 'dui luctus rutrum nulla tellus in'),
(753, 14, 'Doralynne Conyer', 7, 'phasellus id sapien in sapien iaculis congue vivamus metus arcu adipiscing molestie hendrerit'),
(754, 13, 'Gail Ascrofte', 7, 'in felis eu sapien cursus vestibulum proin eu mi nulla ac enim in tempor turpis'),
(755, 2, 'Cindie Eckly', 1, 'magna vestibulum aliquet ultrices erat tortor sollicitudin mi sit amet lobortis'),
(756, 13, 'Wylie Titman', 9, 'sodales sed tincidunt eu felis fusce posuere felis'),
(757, 22, 'Pamelina Akred', 7, 'tempus semper est quam pharetra magna ac consequat metus sapien'),
(758, 39, 'Shaw Wilstead', 1, 'porttitor lorem id ligula suspendisse ornare consequat'),
(759, 33, 'Morna Ewence', 2, 'tristique fusce congue diam id ornare imperdiet sapien urna pretium nisl ut volutpat sapien'),
(760, 28, 'Caty Mulroy', 9, 'turpis sed ante vivamus tortor duis mattis egestas metus'),
(761, 43, 'Eward Bodimeade', 9, 'phasellus id sapien in sapien iaculis congue vivamus metus arcu adipiscing molestie'),
(762, 16, 'Corabel Wotton', 10, 'aliquet at feugiat non pretium quis'),
(763, 35, 'Robby Pigford', 7, 'iaculis diam erat fermentum justo nec condimentum'),
(764, 6, 'Ruddy Starking', 6, 'mauris morbi non lectus aliquam sit amet diam in magna bibendum imperdiet nullam orci'),
(765, 28, 'Lesley Bucher', 5, 'turpis sed ante vivamus tortor duis mattis egestas metus aenean fermentum donec ut'),
(766, 50, 'Sissie Rime', 9, 'faucibus cursus urna ut tellus nulla ut erat id mauris vulputate elementum nullam'),
(767, 43, 'Francklyn Harms', 4, 'cras in purus eu magna vulputate luctus cum sociis natoque penatibus'),
(768, 8, 'Alverta Viner', 1, 'aliquet massa id lobortis convallis tortor risus dapibus augue vel'),
(769, 21, 'Sharron Lamburn', 9, 'imperdiet et commodo vulputate justo in blandit ultrices'),
(770, 26, 'Sher MacDonald', 9, 'lectus suspendisse potenti in eleifend quam a odio in hac habitasse platea dictumst maecenas ut'),
(771, 25, 'Devy Mangon', 7, 'suspendisse potenti cras in purus eu magna vulputate luctus cum sociis natoque penatibus'),
(772, 7, 'Eugene Secret', 3, 'natoque penatibus et magnis dis parturient montes nascetur ridiculus mus etiam vel augue vestibulum'),
(773, 17, 'Malory Mullin', 7, 'duis consequat dui nec nisi volutpat eleifend donec'),
(774, 18, 'Joelly Myerscough', 3, 'in lacus curabitur at ipsum ac tellus semper interdum mauris'),
(775, 12, 'Augustine Fennelow', 8, 'donec dapibus duis at velit eu est congue elementum in hac'),
(776, 5, 'Elly Pfeffle', 3, 'cras in purus eu magna vulputate luctus cum'),
(777, 7, 'Raff Rossander', 7, 'eleifend donec ut dolor morbi vel'),
(778, 17, 'Tait Pering', 6, 'suspendisse potenti cras in purus eu magna'),
(779, 34, 'Troy Bosson', 1, 'mus etiam vel augue vestibulum'),
(780, 2, 'Darcie Jina', 8, 'vulputate ut ultrices vel augue vestibulum ante ipsum primis in faucibus orci'),
(781, 50, 'Merissa Antczak', 4, 'id sapien in sapien iaculis'),
(782, 26, 'Goldarina Zeplin', 10, 'amet lobortis sapien sapien non mi integer ac neque duis bibendum morbi non'),
(783, 49, 'Jillana Stearns', 3, 'tortor id nulla ultrices aliquet maecenas leo odio condimentum id luctus nec molestie'),
(784, 39, 'Jeanine Tiesman', 6, 'diam neque vestibulum eget vulputate ut ultrices vel augue vestibulum ante'),
(785, 25, 'Tani Jery', 3, 'penatibus et magnis dis parturient montes nascetur ridiculus'),
(786, 19, 'Geordie Davie', 7, 'orci pede venenatis non sodales sed tincidunt eu felis fusce posuere felis sed lacus'),
(787, 33, 'Phip Golsby', 1, 'ipsum primis in faucibus orci luctus et ultrices posuere cubilia curae mauris viverra'),
(788, 29, 'Rubina Wingeat', 4, 'convallis eget eleifend luctus ultricies eu nibh quisque id justo sit'),
(789, 10, 'Susy Frew', 4, 'egestas metus aenean fermentum donec ut mauris eget massa'),
(790, 17, 'Tanner Pyle', 6, 'pretium nisl ut volutpat sapien arcu sed augue aliquam erat volutpat in congue'),
(791, 26, 'Marj Oneil', 8, 'vitae quam suspendisse potenti nullam porttitor lacus at turpis donec posuere metus'),
(792, 47, 'Maxy Illiston', 8, 'orci luctus et ultrices posuere cubilia curae mauris viverra diam vitae'),
(793, 14, 'George Rickhuss', 8, 'massa tempor convallis nulla neque libero convallis eget eleifend luctus ultricies'),
(794, 23, 'Domenic MacRorie', 9, 'donec pharetra magna vestibulum aliquet ultrices erat'),
(795, 7, 'Reeva Yakovl', 1, 'ante ipsum primis in faucibus orci luctus et ultrices posuere cubilia curae donec'),
(796, 36, 'Orelie Grimbleby', 4, 'sapien cum sociis natoque penatibus et magnis dis'),
(797, 25, 'Duane Salling', 1, 'lorem vitae mattis nibh ligula nec sem'),
(798, 29, 'Evey Kantor', 1, 'ultrices libero non mattis pulvinar nulla pede ullamcorper augue a suscipit nulla elit ac'),
(799, 24, 'Ulla Elderbrant', 1, 'in quis justo maecenas rhoncus'),
(800, 21, 'Dede Miners', 10, 'curae donec pharetra magna vestibulum aliquet ultrices'),
(801, 21, 'Evvie Merington', 6, 'luctus rutrum nulla tellus in sagittis dui vel'),
(802, 33, 'Elihu Bromby', 4, 'condimentum neque sapien placerat ante'),
(803, 9, 'Dugald Bainbrigge', 1, 'adipiscing elit proin risus praesent lectus vestibulum quam sapien varius ut'),
(804, 47, 'Carolyn Winskill', 10, 'potenti in eleifend quam a odio in'),
(805, 36, 'Mead Bittany', 7, 'dolor vel est donec odio justo sollicitudin ut suscipit a'),
(806, 3, 'Fraze Foottit', 8, 'dolor vel est donec odio justo sollicitudin'),
(807, 28, 'Dedie McChesney', 8, 'in congue etiam justo etiam pretium iaculis justo in hac habitasse platea dictumst etiam'),
(808, 31, 'Emmalynne Dinnies', 10, 'in faucibus orci luctus et'),
(809, 28, 'Elfie Stalman', 6, 'aliquam augue quam sollicitudin vitae consectetuer eget'),
(810, 1, 'Lionello Buret', 9, 'justo morbi ut odio cras mi pede malesuada in imperdiet et commodo'),
(811, 30, 'Sonny Bearblock', 9, 'dignissim vestibulum vestibulum ante ipsum primis in faucibus orci luctus et ultrices'),
(812, 6, 'Livvy Soan', 6, 'morbi sem mauris laoreet ut rhoncus aliquet pulvinar'),
(813, 14, 'Maribelle Kinvig', 2, 'aliquam non mauris morbi non lectus aliquam sit amet diam in'),
(814, 9, 'Giff Padefield', 9, 'justo pellentesque viverra pede ac diam cras pellentesque volutpat dui'),
(815, 30, 'Sukey Franzke', 10, 'tincidunt lacus at velit vivamus vel nulla eget eros elementum pellentesque'),
(816, 45, 'Burr Taberner', 1, 'non ligula pellentesque ultrices phasellus id sapien in sapien iaculis congue vivamus metus'),
(817, 29, 'Mariette Phaup', 4, 'quis turpis sed ante vivamus tortor duis mattis egestas metus aenean fermentum donec ut mauris'),
(818, 37, 'Matty Chessel', 9, 'nunc rhoncus dui vel sem sed sagittis nam congue'),
(819, 43, 'Shannan Kalkhoven', 6, 'eros viverra eget congue eget semper'),
(820, 42, 'Aline Coonihan', 8, 'ligula vehicula consequat morbi a ipsum integer a nibh in quis justo maecenas rhoncus'),
(821, 8, 'Tucker Frizzell', 9, 'ligula suspendisse ornare consequat lectus in est risus auctor sed'),
(822, 13, 'Georgena Levison', 7, 'dolor quis odio consequat varius'),
(823, 1, 'Orin Jentzsch', 7, 'aliquet maecenas leo odio condimentum id luctus nec molestie sed justo'),
(824, 49, 'Dona Prangley', 4, 'nulla mollis molestie lorem quisque ut erat curabitur gravida nisi'),
(825, 48, 'Brendin Shaxby', 3, 'lorem ipsum dolor sit amet consectetuer adipiscing elit proin interdum'),
(826, 20, 'Alvina Mackro', 3, 'at ipsum ac tellus semper interdum mauris ullamcorper'),
(827, 13, 'Giuditta Parton', 10, 'tincidunt nulla mollis molestie lorem quisque ut erat curabitur gravida nisi at nibh in hac'),
(828, 43, 'Hillier Goucher', 7, 'elit ac nulla sed vel enim'),
(829, 45, 'Freddie Hargate', 5, 'augue aliquam erat volutpat in'),
(830, 7, 'Marrissa Pesek', 3, 'vitae mattis nibh ligula nec sem duis aliquam convallis nunc proin at turpis'),
(831, 26, 'Mortimer Ferrone', 10, 'in lectus pellentesque at nulla suspendisse potenti cras in purus eu magna vulputate'),
(832, 38, 'Wilbert Deverale', 3, 'sagittis nam congue risus semper porta volutpat quam pede lobortis'),
(833, 29, 'Stacy Collings', 1, 'fusce lacus purus aliquet at feugiat non pretium quis lectus suspendisse potenti in eleifend'),
(834, 14, 'Chev Scawen', 2, 'imperdiet et commodo vulputate justo in'),
(835, 15, 'Krystle Frickey', 6, 'turpis a pede posuere nonummy integer non velit donec diam neque vestibulum'),
(836, 13, 'Adria Broadhead', 4, 'augue vestibulum rutrum rutrum neque aenean'),
(837, 32, 'Elicia Karp', 9, 'dapibus augue vel accumsan tellus nisi eu orci mauris'),
(838, 23, 'Giovanna Perigo', 1, 'hac habitasse platea dictumst etiam faucibus'),
(839, 32, 'Consalve Carvilla', 9, 'aenean sit amet justo morbi'),
(840, 41, 'Colline Cote', 6, 'eu mi nulla ac enim in tempor turpis'),
(841, 30, 'Sayers Coucha', 8, 'suspendisse ornare consequat lectus in est risus auctor sed tristique in tempus'),
(842, 32, 'Cassey Patsall', 1, 'curabitur convallis duis consequat dui nec nisi volutpat eleifend'),
(843, 40, 'Gideon Snowdon', 5, 'erat quisque erat eros viverra eget congue eget semper rutrum nulla nunc'),
(844, 18, 'Ally Tapsell', 10, 'amet sem fusce consequat nulla nisl nunc nisl duis bibendum felis sed'),
(845, 12, 'Constancy D\'Alesco', 6, 'hac habitasse platea dictumst aliquam augue quam sollicitudin vitae consectetuer'),
(846, 14, 'Bridie Nockolds', 1, 'integer non velit donec diam neque'),
(847, 34, 'Hedi Dionisio', 1, 'id nisl venenatis lacinia aenean'),
(848, 30, 'Tait Gerbl', 4, 'pellentesque eget nunc donec quis orci eget orci vehicula condimentum curabitur in libero'),
(849, 11, 'Dusty De Freyne', 8, 'nam dui proin leo odio porttitor id consequat in consequat ut nulla sed accumsan'),
(850, 43, 'Ameline Wallett', 9, 'amet diam in magna bibendum imperdiet nullam'),
(851, 45, 'Correy Hannen', 1, 'nec nisi volutpat eleifend donec ut dolor morbi vel lectus'),
(852, 5, 'Concettina Baroch', 6, 'sem sed sagittis nam congue risus semper porta volutpat quam pede lobortis ligula sit amet'),
(853, 5, 'Dewie Suermeiers', 1, 'vel ipsum praesent blandit lacinia erat vestibulum sed magna at nunc'),
(854, 39, 'Avrom Studdert', 4, 'in quam fringilla rhoncus mauris enim leo rhoncus'),
(855, 40, 'Shirley Schurcke', 3, 'amet nunc viverra dapibus nulla suscipit ligula in lacus curabitur at ipsum ac'),
(856, 7, 'Rosaleen Benbough', 8, 'nunc nisl duis bibendum felis sed interdum venenatis turpis enim blandit mi in porttitor pede'),
(857, 30, 'Rickert Fortun', 10, 'vel enim sit amet nunc viverra dapibus nulla suscipit ligula in lacus curabitur'),
(858, 1, 'Jake Curlis', 1, 'id massa id nisl venenatis lacinia'),
(859, 40, 'Archy Reynard', 2, 'nisi at nibh in hac habitasse platea dictumst aliquam'),
(860, 39, 'Angelle Rushe', 2, 'consequat metus sapien ut nunc vestibulum ante ipsum primis in faucibus'),
(861, 45, 'Tedi Thynn', 2, 'laoreet ut rhoncus aliquet pulvinar sed nisl nunc rhoncus dui vel sem sed sagittis nam'),
(862, 15, 'Gavin Playdon', 3, 'quisque porta volutpat erat quisque erat eros viverra eget congue eget semper rutrum'),
(863, 48, 'Samuel Widdowson', 3, 'rhoncus aliquet pulvinar sed nisl nunc rhoncus dui vel sem sed sagittis nam congue'),
(864, 25, 'Bondy Kainz', 7, 'in faucibus orci luctus et ultrices posuere cubilia curae duis'),
(865, 41, 'Sammie Mordon', 10, 'sed tristique in tempus sit amet sem fusce consequat nulla nisl'),
(866, 41, 'Adan Ladlow', 6, 'eu sapien cursus vestibulum proin'),
(867, 4, 'Ardenia Goschalk', 7, 'suspendisse potenti cras in purus eu magna vulputate luctus cum'),
(868, 16, 'Klaus Lung', 8, 'lectus aliquam sit amet diam in magna'),
(869, 4, 'Grover Downham', 8, 'quis justo maecenas rhoncus aliquam lacus'),
(870, 36, 'Conrade Boycott', 10, 'tincidunt nulla mollis molestie lorem quisque ut erat curabitur gravida nisi'),
(871, 17, 'Brew Lathey', 5, 'mauris morbi non lectus aliquam sit amet'),
(872, 3, 'Vivia Hudghton', 7, 'porttitor id consequat in consequat ut nulla'),
(873, 19, 'Dennie Akehurst', 5, 'ultrices posuere cubilia curae donec pharetra'),
(874, 18, 'Annelise Alkins', 10, 'at dolor quis odio consequat varius integer ac leo pellentesque ultrices mattis odio'),
(875, 49, 'Aldric Gummow', 2, 'habitasse platea dictumst maecenas ut massa quis augue luctus tincidunt nulla mollis molestie'),
(876, 39, 'Harriet Piner', 10, 'eleifend quam a odio in hac habitasse platea dictumst maecenas ut'),
(877, 37, 'Edvard Littledyke', 10, 'ultrices erat tortor sollicitudin mi sit amet'),
(878, 23, 'Elke Jaques', 8, 'nec dui luctus rutrum nulla tellus in sagittis'),
(879, 1, 'Ettore Wolvey', 4, 'sit amet eleifend pede libero quis orci nullam molestie nibh in lectus pellentesque'),
(880, 1, 'Lauren Mapstone', 4, 'velit eu est congue elementum in hac habitasse platea dictumst morbi vestibulum velit id pretium'),
(881, 4, 'Pate Moyne', 5, 'aliquam lacus morbi quis tortor id nulla ultrices aliquet maecenas leo odio'),
(882, 8, 'Rodrique Elson', 3, 'pellentesque volutpat dui maecenas tristique est'),
(883, 49, 'Yettie Ballintyne', 8, 'blandit nam nulla integer pede justo lacinia eget tincidunt eget tempus vel pede morbi'),
(884, 22, 'Ahmed Daftor', 3, 'lorem ipsum dolor sit amet consectetuer adipiscing elit proin interdum mauris non'),
(885, 11, 'Addison Hardman', 9, 'dapibus duis at velit eu est congue elementum in hac habitasse platea'),
(886, 27, 'Nickolaus Bischoff', 9, 'quam a odio in hac habitasse platea dictumst maecenas'),
(887, 3, 'Brigid Lattin', 1, 'vulputate nonummy maecenas tincidunt lacus at velit vivamus vel nulla eget eros elementum pellentesque'),
(888, 44, 'Vivienne Waistall', 3, 'nisl duis bibendum felis sed interdum venenatis turpis enim blandit mi'),
(889, 14, 'Lanie Edgar', 5, 'erat curabitur gravida nisi at nibh in hac habitasse platea dictumst aliquam'),
(890, 21, 'Toby Ilbert', 10, 'accumsan odio curabitur convallis duis consequat dui nec'),
(891, 29, 'Ailina Baldazzi', 5, 'amet lobortis sapien sapien non mi integer ac neque duis bibendum'),
(892, 34, 'Arlan Thackray', 4, 'congue eget semper rutrum nulla nunc purus phasellus in felis donec semper sapien a libero'),
(893, 42, 'Kort Moulin', 5, 'nec condimentum neque sapien placerat'),
(894, 38, 'Hetti Cockshut', 8, 'quam nec dui luctus rutrum nulla tellus in sagittis dui vel'),
(895, 16, 'Hernando Eady', 3, 'tortor quis turpis sed ante'),
(896, 43, 'Rollie Altofts', 2, 'nec nisi volutpat eleifend donec ut dolor morbi vel lectus in quam'),
(897, 7, 'Mariana Bellison', 10, 'in faucibus orci luctus et ultrices posuere cubilia curae donec'),
(898, 3, 'Eugenius Coultas', 8, 'semper rutrum nulla nunc purus phasellus in felis donec semper sapien a'),
(899, 20, 'Norry Lafayette', 3, 'convallis morbi odio odio elementum eu interdum eu tincidunt in leo'),
(900, 10, 'Faber Jobin', 9, 'consequat metus sapien ut nunc vestibulum ante'),
(901, 44, 'Tracey Adlem', 9, 'eu orci mauris lacinia sapien quis libero'),
(902, 48, 'Sutherland Guion', 9, 'posuere cubilia curae donec pharetra magna vestibulum'),
(903, 4, 'Ardyce Ottey', 1, 'eget eros elementum pellentesque quisque porta volutpat'),
(904, 24, 'Nahum Booton', 7, 'erat vestibulum sed magna at nunc commodo placerat praesent blandit nam nulla'),
(905, 6, 'Ermina Keitch', 4, 'eget nunc donec quis orci eget orci vehicula condimentum curabitur in libero ut'),
(906, 33, 'Florence Gripton', 6, 'tincidunt eget tempus vel pede morbi porttitor lorem id ligula suspendisse ornare consequat lectus in'),
(907, 4, 'Bridie Raymen', 1, 'et magnis dis parturient montes nascetur ridiculus mus'),
(908, 27, 'Rupert Hassin', 10, 'quisque ut erat curabitur gravida nisi at nibh'),
(909, 25, 'Lilian Mixhel', 8, 'ac enim in tempor turpis nec euismod scelerisque quam'),
(910, 48, 'Aubree Djurevic', 10, 'vulputate vitae nisl aenean lectus pellentesque eget nunc donec'),
(911, 43, 'Mariele Gaitskill', 7, 'sit amet cursus id turpis integer aliquet massa'),
(912, 41, 'Cacilia Trodler', 4, 'eu mi nulla ac enim in tempor'),
(913, 15, 'Ernie Beacom', 2, 'hendrerit at vulputate vitae nisl aenean lectus'),
(914, 6, 'Elvira Dunsire', 7, 'tincidunt eu felis fusce posuere felis'),
(915, 45, 'Cody Chishull', 4, 'tristique in tempus sit amet'),
(916, 39, 'Siana Torns', 5, 'non lectus aliquam sit amet diam in'),
(917, 21, 'Tess Remnant', 9, 'felis ut at dolor quis odio consequat varius integer ac'),
(918, 30, 'Webster Huerta', 7, 'volutpat in congue etiam justo etiam pretium iaculis justo in hac habitasse'),
(919, 30, 'Renado Somerled', 8, 'amet eros suspendisse accumsan tortor'),
(920, 41, 'Grace Preshaw', 5, 'pellentesque eget nunc donec quis orci eget orci vehicula condimentum curabitur in libero ut'),
(921, 22, 'Hatty Helstrip', 8, 'metus sapien ut nunc vestibulum ante ipsum primis in faucibus orci luctus'),
(922, 39, 'Erma Mapledoram', 1, 'sapien quis libero nullam sit amet turpis elementum'),
(923, 25, 'Deloria Twaits', 5, 'curae mauris viverra diam vitae quam suspendisse potenti nullam porttitor lacus'),
(924, 22, 'Florentia Jacobbe', 5, 'odio consequat varius integer ac leo pellentesque ultrices'),
(925, 13, 'Ximenes Skelly', 5, 'eget rutrum at lorem integer tincidunt ante vel ipsum praesent blandit'),
(926, 17, 'Bonnie Hawkswell', 10, 'aliquam sit amet diam in magna bibendum imperdiet nullam orci'),
(927, 33, 'Mikol Friese', 6, 'in lacus curabitur at ipsum ac'),
(928, 11, 'Lannie Morforth', 4, 'imperdiet et commodo vulputate justo'),
(929, 44, 'Adelina De Malchar', 6, 'condimentum id luctus nec molestie sed justo pellentesque'),
(930, 25, 'Lorianne Mc Meekin', 3, 'proin leo odio porttitor id consequat in consequat'),
(931, 17, 'Park Thomson', 10, 'suscipit ligula in lacus curabitur'),
(932, 41, 'Daniela Medling', 10, 'curabitur in libero ut massa volutpat convallis morbi odio odio elementum eu'),
(933, 43, 'Minta Coiley', 5, 'nulla ac enim in tempor turpis nec euismod scelerisque quam turpis adipiscing lorem'),
(934, 26, 'Justus Vauls', 1, 'lobortis vel dapibus at diam nam tristique tortor'),
(935, 40, 'Lacee Selwyne', 2, 'nisi volutpat eleifend donec ut dolor morbi vel lectus in quam'),
(936, 13, 'Daniela Goggins', 4, 'sit amet lobortis sapien sapien non'),
(937, 29, 'Liuka De Angelo', 5, 'nunc vestibulum ante ipsum primis in faucibus orci'),
(938, 45, 'Shalna Snazle', 6, 'quam fringilla rhoncus mauris enim leo rhoncus'),
(939, 22, 'Jakie Engelbrecht', 4, 'ante vestibulum ante ipsum primis in faucibus orci luctus et ultrices'),
(940, 14, 'Maurine Paske', 2, 'sapien ut nunc vestibulum ante ipsum primis in faucibus'),
(941, 34, 'Lib Portress', 10, 'orci mauris lacinia sapien quis libero nullam sit'),
(942, 49, 'Callean Ingerith', 5, 'augue a suscipit nulla elit ac nulla sed vel enim'),
(943, 39, 'Lion Hadaway', 3, 'hendrerit at vulputate vitae nisl aenean lectus pellentesque'),
(944, 18, 'Britte Sellan', 5, 'volutpat sapien arcu sed augue aliquam'),
(945, 49, 'Rebekah Worton', 6, 'dolor vel est donec odio justo sollicitudin'),
(946, 43, 'Goddart Pecey', 9, 'leo maecenas pulvinar lobortis est phasellus sit amet'),
(947, 37, 'Dana Silverwood', 9, 'odio condimentum id luctus nec molestie sed justo pellentesque viverra pede'),
(948, 45, 'Antonella Olek', 3, 'amet turpis elementum ligula vehicula consequat morbi a'),
(949, 35, 'Arlana Escott', 7, 'ultrices mattis odio donec vitae nisi nam ultrices libero non'),
(950, 25, 'Jerald Talbot', 2, 'odio condimentum id luctus nec molestie'),
(951, 19, 'Shell Shynn', 1, 'tempor turpis nec euismod scelerisque quam turpis adipiscing'),
(952, 20, 'Conni Deam', 7, 'et ultrices posuere cubilia curae nulla dapibus dolor vel est'),
(953, 4, 'Fowler McAlinion', 4, 'nisi at nibh in hac habitasse platea dictumst aliquam augue'),
(954, 31, 'Merl Bass', 4, 'eget tempus vel pede morbi porttitor'),
(955, 38, 'Easter Kiltie', 8, 'sit amet cursus id turpis integer aliquet massa'),
(956, 7, 'Noemi Sorro', 1, 'amet eleifend pede libero quis orci nullam molestie nibh in lectus pellentesque at nulla'),
(957, 15, 'Merlina Bastard', 9, 'amet justo morbi ut odio cras mi pede'),
(958, 49, 'Doy Morrallee', 7, 'enim lorem ipsum dolor sit amet consectetuer adipiscing elit proin interdum mauris'),
(959, 33, 'Rafaellle Messiter', 3, 'eget eleifend luctus ultricies eu nibh quisque id justo sit amet sapien dignissim vestibulum vestibulum'),
(960, 26, 'Merwyn Bilham', 10, 'nibh ligula nec sem duis aliquam convallis'),
(961, 23, 'Harrison Moxley', 1, 'erat tortor sollicitudin mi sit amet lobortis sapien'),
(962, 34, 'Dorian Czajkowski', 3, 'blandit ultrices enim lorem ipsum dolor sit amet consectetuer adipiscing elit proin interdum'),
(963, 34, 'Doretta Dundin', 8, 'erat nulla tempus vivamus in'),
(964, 35, 'Pete De Giovanni', 7, 'massa id lobortis convallis tortor risus dapibus augue'),
(965, 28, 'Mufi Cordelet', 8, 'luctus rutrum nulla tellus in sagittis dui vel nisl duis ac nibh fusce lacus purus'),
(966, 17, 'Drucy Sergeaunt', 10, 'volutpat quam pede lobortis ligula sit'),
(967, 34, 'Ericka Lauritzen', 3, 'amet erat nulla tempus vivamus in felis'),
(968, 33, 'Marylynne Yakovitch', 1, 'quam suspendisse potenti nullam porttitor lacus at'),
(969, 22, 'Germain Scotting', 2, 'mus etiam vel augue vestibulum rutrum rutrum neque aenean auctor gravida sem praesent id'),
(970, 1, 'Karel Willcot', 2, 'lorem ipsum dolor sit amet consectetuer adipiscing elit proin'),
(971, 12, 'Cob Holleran', 10, 'ac neque duis bibendum morbi non quam nec dui luctus rutrum'),
(972, 46, 'Godiva Dohmer', 8, 'condimentum curabitur in libero ut massa volutpat convallis morbi odio odio elementum'),
(973, 17, 'Neddie Trobey', 9, 'maecenas leo odio condimentum id luctus nec molestie sed justo pellentesque viverra pede'),
(974, 49, 'Margery Pickaver', 4, 'viverra dapibus nulla suscipit ligula in lacus curabitur at ipsum'),
(975, 46, 'Roselin Gallemore', 2, 'neque aenean auctor gravida sem praesent id massa id'),
(976, 44, 'Mireielle Gapp', 2, 'tincidunt ante vel ipsum praesent blandit lacinia'),
(977, 3, 'Erhart Wennington', 5, 'turpis nec euismod scelerisque quam turpis adipiscing lorem vitae mattis'),
(978, 18, 'Gasper Hanster', 10, 'velit vivamus vel nulla eget eros elementum pellentesque quisque porta volutpat erat quisque erat eros'),
(979, 50, 'Rhea Castagneri', 9, 'nulla quisque arcu libero rutrum ac lobortis vel'),
(980, 4, 'Courtnay Tumulty', 6, 'erat id mauris vulputate elementum nullam varius nulla facilisi cras non velit nec'),
(981, 1, 'Latisha Romeuf', 8, 'vestibulum eget vulputate ut ultrices vel'),
(982, 3, 'Robenia Bleby', 9, 'pede venenatis non sodales sed tincidunt eu felis fusce'),
(983, 7, 'Bernie Francesco', 6, 'pulvinar nulla pede ullamcorper augue a suscipit nulla elit ac nulla sed vel enim'),
(984, 25, 'Katya Groundwator', 9, 'nascetur ridiculus mus vivamus vestibulum sagittis sapien cum'),
(985, 39, 'Kanya Brazil', 7, 'sit amet cursus id turpis'),
(986, 26, 'Clem Hammersley', 7, 'blandit lacinia erat vestibulum sed magna at nunc commodo placerat praesent blandit nam'),
(987, 16, 'Alisun Carratt', 6, 'quam turpis adipiscing lorem vitae mattis nibh ligula nec sem duis aliquam'),
(988, 36, 'Esra Mitrikhin', 2, 'justo nec condimentum neque sapien placerat'),
(989, 17, 'Lindi Esherwood', 9, 'nulla neque libero convallis eget'),
(990, 30, 'Broderick Dallyn', 7, 'magna bibendum imperdiet nullam orci pede'),
(991, 15, 'Juana Vogl', 7, 'eget vulputate ut ultrices vel augue vestibulum ante ipsum'),
(992, 8, 'Lauretta Billham', 3, 'quis augue luctus tincidunt nulla'),
(993, 44, 'Aloysia Fullom', 9, 'ac tellus semper interdum mauris ullamcorper purus sit amet nulla quisque arcu libero rutrum ac'),
(994, 50, 'Robb Speechly', 3, 'volutpat erat quisque erat eros viverra eget congue eget semper rutrum nulla nunc'),
(995, 2, 'Saleem Leuchars', 7, 'volutpat erat quisque erat eros viverra eget congue eget semper rutrum nulla nunc'),
(996, 20, 'Ximenez Allsopp', 7, 'tortor duis mattis egestas metus aenean fermentum donec ut mauris eget'),
(997, 41, 'Elora Gabbitas', 2, 'vestibulum ante ipsum primis in faucibus orci'),
(998, 6, 'Clarence Santino', 4, 'hendrerit at vulputate vitae nisl aenean lectus pellentesque eget nunc donec quis orci'),
(999, 40, 'Phillie Corballis', 2, 'parturient montes nascetur ridiculus mus etiam vel'),
(1000, 39, 'Whitney Walshe', 10, 'et eros vestibulum ac est lacinia nisi venenatis tristique fusce'),
(1001, 23, 'asd', 2, 'fgsdasdgsgdsdg'),
(1002, 51, 'priidik', 8, 'suht banger'),
(1003, 51, 'jaanus', 6, 'kinda mid aga still kinda hea aswell'),
(1004, 51, 'Mario Metshein', 10, '10/10 parim toidukoht eales'),
(1005, 51, 'Rain Koor', 9, 'toit oli piisavalt koorene minu maitse jaoks'),
(1006, 38, 'heehehahaha', 4, 'asffsa fagag'),
(1007, 27, 'asfasf', 3, 'fsa'),
(1008, 10, 'gesddgs', 4, 'sdgfdhf'),
(1009, 52, 'priidik', 2, 'toit oli kylm'),
(1010, 1, 'noku', 10, 'poopieess');

-- --------------------------------------------------------

--
-- Table structure for table `kasutajad`
--

CREATE TABLE `kasutajad` (
  `id` int NOT NULL,
  `kasutajanimi` varchar(50) NOT NULL,
  `parool` varchar(255) NOT NULL
) ENGINE=InnoDB DEFAULT CHARSET=utf8mb4 COLLATE=utf8mb4_0900_ai_ci;

--
-- Dumping data for table `kasutajad`
--

INSERT INTO `kasutajad` (`id`, `kasutajanimi`, `parool`) VALUES
(4, 'mario', '$2y$10$2KoFz.eHzm4V0TqKvvoNbuWCKOS86tkDJ36NWSUDy6YvXgH5xIj8G');

-- --------------------------------------------------------

--
-- Table structure for table `kliendid`
--

CREATE TABLE `kliendid` (
  `id` int NOT NULL,
  `enimi` varchar(255) NOT NULL,
  `pnimi` varchar(255) NOT NULL,
  `telnr` int NOT NULL
) ENGINE=InnoDB DEFAULT CHARSET=utf8mb4 COLLATE=utf8mb4_0900_ai_ci;

--
-- Dumping data for table `kliendid`
--

INSERT INTO `kliendid` (`id`, `enimi`, `pnimi`, `telnr`) VALUES
(1, 'Carrissa', 'Stapleton', 2147483647),
(2, 'Harper', 'Muncie', 2147483647),
(3, 'Gabriele', 'Idill', 2147483647),
(4, 'Sharai', 'Leuchars', 2147483647),
(5, 'Natalya', 'Heelis', 2147483647),
(6, 'Leola', 'Eloi', 2147483647),
(7, 'Lorenza', 'McNalley', 2147483647),
(8, 'Dillie', 'Skottle', 2147483647),
(9, 'Denice', 'Gimber', 2147483647),
(10, 'Min', 'Pache', 2147483647),
(11, 'Vite', 'Magenny', 2147483647),
(12, 'Micaela', 'Clare', 1214353551),
(13, 'Cirstoforo', 'Bauduccio', 2147483647),
(14, 'Wynn', 'McNeillie', 2147483647),
(15, 'Auberta', 'Sawley', 1679391176),
(16, 'Clio', 'Matchett', 2147483647),
(17, 'Alvira', 'Botton', 2147483647),
(18, 'De', 'Manilo', 1655286280),
(19, 'Gilberte', 'Adkins', 1693503602),
(20, 'Bentley', 'Dilger', 2147483647),
(21, 'Giuseppe', 'Gouly', 2147483647),
(22, 'Lenard', 'Kastel', 2147483647),
(23, 'Patty', 'De Gregoli', 2147483647),
(24, 'Carlie', 'Kellogg', 2147483647),
(25, 'Cam', 'Sinisbury', 2147483647),
(26, 'Arlana', 'Simchenko', 2147483647),
(27, 'Carny', 'Perche', 2147483647),
(28, 'Corbin', 'Tomney', 2147483647),
(29, 'Joannes', 'Barnewille', 2147483647),
(30, 'Eldon', 'Winear', 2147483647),
(31, 'Adrian', 'Grabiec', 2147483647),
(32, 'Erie', 'Allon', 2147483647),
(33, 'Jamil', 'Aucourte', 2147483647),
(34, 'Anselm', 'Boydle', 2147483647),
(35, 'Willy', 'Ockleshaw', 2147483647),
(36, 'Robinia', 'Scully', 2147483647),
(37, 'Prinz', 'Haddock', 2147483647),
(38, 'Chane', 'Tindall', 2147483647),
(39, 'Pris', 'Iskow', 2147483647),
(40, 'Quinlan', 'Metzing', 2147483647),
(41, 'Gardener', 'Allston', 2147483647),
(42, 'Aura', 'Loddon', 2147483647),
(43, 'Janella', 'Fallow', 2147483647),
(44, 'Ambrose', 'Staggs', 2147483647),
(45, 'Albert', 'Pistol', 2147483647),
(46, 'Fraze', 'Buckley', 1231424543),
(47, 'Bunni', 'Dulin', 2147483647),
(48, 'Hetty', 'Raftery', 2147483647),
(49, 'Elden', 'Coweuppe', 2147483647),
(50, 'Zsazsa', 'Coppins', 2147483647);

-- --------------------------------------------------------

--
-- Table structure for table `toidukohad`
--

CREATE TABLE `toidukohad` (
  `id` int NOT NULL,
  `nimi` varchar(255) NOT NULL,
  `asukoht` varchar(255) NOT NULL,
  `keskmine_hinne` float DEFAULT '0',
  `hinnangud` int DEFAULT '0'
) ENGINE=InnoDB DEFAULT CHARSET=utf8mb4 COLLATE=utf8mb4_0900_ai_ci;

--
-- Dumping data for table `toidukohad`
--

INSERT INTO `toidukohad` (`id`, `nimi`, `asukoht`, `keskmine_hinne`, `hinnangud`) VALUES
(1, 'Buzzshare', '9 Southridge Plaza', 5.5, 24),
(2, 'Blogpad', '59253 Dapin Circle', 2, 82),
(3, 'Shuffledrive', '87 Lotheville Lane', 8.3, 58),
(4, 'Feednation', '4367 Hauk Drive', 1.5, 74),
(5, 'Vitza', '691 Redwing Avenue', 3.5, 15),
(6, 'Lazz', '856 Vermont Lane', 5, 81),
(7, 'Mycat', '10489 Novick Court', 7.3, 7),
(8, 'Tavu', '94 Atwood Drive', 1.9, 56),
(9, 'Jayo', '0078 Sunbrook Crossing', 2.2, 4),
(10, 'Chatterbridge', '129 Carioca Street', 4.38462, 13),
(11, 'Snaptags', '045 Roth Court', 3.8, 51),
(12, 'Avavee', '26 Springs Park', 7.8, 64),
(13, 'Skalith', '734 Lien Trail', 4.8, 76),
(14, 'Youtags', '0 Hanover Trail', 2.2, 100),
(15, 'Twitterbridge', '744 Gulseth Drive', 4.9, 85),
(16, 'Feedfish', '3 Macpherson Road', 2.5, 37),
(17, 'Yambee', '047 Larry Plaza', 6.7, 27),
(18, 'Wikizz', '3 Stang Court', 3, 56),
(19, 'Gabvine', '22004 Dottie Court', 7.5, 41),
(20, 'Livetube', '07 Briar Crest Drive', 1.2, 6),
(21, 'Eire', '43 Mendota Plaza', 5.5, 71),
(22, 'Jetwire', '74470 Anniversary Crossing', 8.3, 25),
(23, 'Agimba', '1284 Lillian Drive', 6.1875, 16),
(24, 'Thoughtbeat', '3242 Buhler Road', 9.8, 23),
(25, 'Fivebridge', '75 Cardinal Hill', 6.7, 57),
(26, 'Thoughtsphere', '16 Nova Crossing', 7.8, 30),
(27, 'Meembee', '76837 International Court', 6.86667, 15),
(28, 'Trilith', '139 Montana Hill', 5.2, 67),
(29, 'Twitterlist', '305 Eagan Plaza', 6.5, 59),
(30, 'Realbuzz', '55783 Nobel Lane', 6.3, 18),
(31, 'Latz', '842 Mifflin Park', 3.6, 56),
(32, 'Youfeed', '61038 Ilene Parkway', 5.3, 78),
(33, 'Devpoint', '79387 Manley Park', 1, 90),
(34, 'Skipfire', '281 Harbort Plaza', 8.5, 36),
(35, 'Divanoodle', '26 Anniversary Street', 2.3, 42),
(36, 'Dabvine', '897 Melrose Crossing', 4.9, 16),
(37, 'Twiyo', '65 Grayhawk Pass', 6.6, 67),
(38, 'Rhynoodle', '67 Buell Park', 6.1, 20),
(39, 'Centimia', '08 Summerview Court', 7.4, 35),
(40, 'Zava', '5874 Bluejay Terrace', 9.1, 10),
(41, 'Wordtune', '4 Sullivan Drive', 8.1, 10),
(42, 'Skimia', '00 Caliangt Drive', 7.6, 35),
(43, 'Avamba', '37 Badeau Avenue', 3.1, 16),
(44, 'Bubbletube', '76 Tennyson Court', 2.5, 35),
(45, 'Nlounge', '30641 Holmberg Center', 7.1, 95),
(46, 'Meeveo', '2 Crescent Oaks Circle', 4.1, 89),
(47, 'Skinix', '04 Hudson Trail', 8.3, 69),
(48, 'Avaveo', '0978 Sage Park', 6.5, 76),
(49, 'Meejo', '51905 Ramsey Circle', 9.8, 11),
(50, 'Realpoint', '96671 Claremont Drive', 2.4, 6),
(51, 'mcmarios', 'Ehitajate tee 3', 8.25, 4),
(52, 'regiina burks', 'kuskil käinas', 2, 1);

-- --------------------------------------------------------

--
-- Table structure for table `uudised`
--

CREATE TABLE `uudised` (
  `id` int NOT NULL,
  `pealkiri` varchar(255) NOT NULL,
  `uudis` text NOT NULL
) ENGINE=InnoDB DEFAULT CHARSET=utf8mb4 COLLATE=utf8mb4_0900_ai_ci;

--
-- Dumping data for table `uudised`
--

INSERT INTO `uudised` (`id`, `pealkiri`, `uudis`) VALUES
(1, 'Snowriders', 'eu felis fusce posuere felis sed lacus morbi sem mauris laoreet ut rhoncus aliquet pulvinar sed nisl nunc'),
(2, 'Day After Trinity, The', 'nulla dapibus dolor vel est donec odio justo sollicitudin ut suscipit a feugiat'),
(4, 'Big Fix, The', 'ut erat curabitur gravida nisi at nibh in hac habitasse'),
(5, 'Asphyx, The', 'primis in faucibus orci luctus et ultrices posuere cubilia curae'),
(6, 'Chronicle', 'elit sodales scelerisque mauris sit amet eros suspendisse accumsan tortor quis turpis sed ante vivamus'),
(7, 'Giant Gila Monster, The', 'id mauris vulputate elementum nullam varius nulla facilisi cras non velit nec nisi vulputate'),
(8, 'Without Bias (a.k.a. Len Bias)', 'turpis elementum ligula vehicula consequat morbi a ipsum integer a nibh in quis justo'),
(9, 'Young Adam', 'ligula sit amet eleifend pede libero quis orci nullam molestie nibh in lectus pellentesque at nulla suspendisse potenti'),
(10, 'Arrival of a Train, The', 'elementum nullam varius nulla facilisi cras non velit nec nisi vulputate'),
(11, 'Amazing Spider-Man, The', 'magna ac consequat metus sapien ut nunc vestibulum ante ipsum primis in faucibus orci luctus'),
(12, 'The Woman in Black 2: Angel of Death', 'nisl venenatis lacinia aenean sit amet justo morbi ut odio cras mi pede malesuada in imperdiet et commodo'),
(13, 'Breathless (À bout de souffle)', 'tristique in tempus sit amet sem fusce consequat nulla nisl nunc nisl duis bibendum felis sed interdum'),
(14, 'When We Were Kings', 'luctus ultricies eu nibh quisque id justo sit amet sapien dignissim vestibulum vestibulum ante ipsum primis in faucibus'),
(15, 'Extreme Measures', 'in sapien iaculis congue vivamus metus arcu adipiscing molestie hendrerit at vulputate vitae nisl aenean'),
(16, '49th Parallel', 'duis consequat dui nec nisi volutpat eleifend donec ut dolor morbi vel lectus in quam fringilla'),
(17, 'Kisses for My President', 'justo in hac habitasse platea dictumst etiam faucibus cursus urna ut tellus'),
(18, 'Fahrenheit 9/11', 'magnis dis parturient montes nascetur ridiculus mus etiam vel augue vestibulum rutrum'),
(19, 'Patema Inverted', 'hac habitasse platea dictumst morbi vestibulum velit id pretium iaculis diam erat fermentum'),
(20, 'Delicate Balance, A', 'dui luctus rutrum nulla tellus in sagittis dui vel nisl duis ac'),
(21, 'Fiston', 'nisi at nibh in hac habitasse platea dictumst aliquam augue quam sollicitudin vitae consectetuer eget rutrum at'),
(22, 'Bill & Ted\'s Excellent Adventure', 'ultrices aliquet maecenas leo odio condimentum id luctus nec molestie sed justo'),
(23, 'Our Family Wedding', 'luctus rutrum nulla tellus in sagittis dui vel nisl duis ac nibh fusce lacus purus aliquet at feugiat non pretium'),
(24, 'Sex and the City', 'ac nibh fusce lacus purus aliquet at feugiat non pretium'),
(25, 'Gerontophilia', 'in leo maecenas pulvinar lobortis est phasellus sit amet erat nulla tempus'),
(26, 'Rocky Balboa', 'ipsum aliquam non mauris morbi non lectus aliquam sit amet diam in magna bibendum'),
(27, 'Annabel Takes a Tour (Annabel Takes a Trip)', 'nam congue risus semper porta volutpat quam pede lobortis ligula sit amet eleifend pede libero quis orci nullam molestie'),
(28, 'Blackbird', 'erat tortor sollicitudin mi sit amet lobortis sapien sapien non mi integer ac neque duis bibendum'),
(29, 'Mantle', 'in blandit ultrices enim lorem ipsum dolor sit amet consectetuer'),
(30, 'Bloody Murder', 'sociis natoque penatibus et magnis dis parturient montes nascetur ridiculus mus etiam vel augue vestibulum rutrum rutrum neque aenean auctor'),
(31, 'Male Domination', 'iaculis justo in hac habitasse platea dictumst etiam faucibus cursus'),
(32, 'Loose Change: Second Edition', 'rutrum neque aenean auctor gravida sem praesent id massa id nisl'),
(33, 'Judgment at Nuremberg', 'primis in faucibus orci luctus et ultrices posuere cubilia curae mauris viverra diam vitae quam suspendisse potenti nullam porttitor'),
(34, 'Broken Bridges', 'est congue elementum in hac habitasse platea dictumst morbi vestibulum velit id pretium iaculis diam'),
(35, 'Hunted, The', 'elementum ligula vehicula consequat morbi a ipsum integer a nibh in'),
(36, 'Kill the Irishman', 'accumsan tortor quis turpis sed ante vivamus tortor duis mattis egestas metus'),
(37, 'Amira & Sam', 'nunc commodo placerat praesent blandit nam nulla integer pede justo lacinia eget tincidunt'),
(38, 'Ned Kelly', 'nisl nunc rhoncus dui vel sem sed sagittis nam congue risus'),
(39, 'Shadows (Senki)', 'pulvinar nulla pede ullamcorper augue a suscipit nulla elit ac nulla sed vel enim sit amet nunc'),
(40, 'How Tasty Was My Little Frenchman (Como Era Gostoso o Meu Francês)', 'elit sodales scelerisque mauris sit amet eros suspendisse accumsan tortor'),
(41, 'Saimaa Gesture, The (Saimaa-ilmiö)', 'odio curabitur convallis duis consequat dui nec nisi volutpat eleifend donec ut dolor morbi vel lectus in quam'),
(42, 'Zatoichi and the Fugitives (Zatôichi hatashi-jô) (Zatôichi 18)', 'lectus pellentesque eget nunc donec quis orci eget orci vehicula condimentum'),
(43, 'Shark Attack', 'leo rhoncus sed vestibulum sit amet cursus id turpis integer'),
(44, 'Day After Trinity, The', 'vel sem sed sagittis nam congue risus semper porta volutpat quam pede lobortis ligula sit amet'),
(45, 'Fugitives (Fugitivas)', 'felis sed lacus morbi sem mauris laoreet ut rhoncus aliquet pulvinar sed nisl nunc rhoncus dui vel sem sed'),
(46, 'Synecdoche, New York', 'sit amet lobortis sapien sapien non mi integer ac neque duis bibendum morbi non'),
(48, 'Talking Funny', 'ut tellus nulla ut erat id mauris vulputate elementum nullam varius nulla facilisi cras'),
(49, 'Varg Veum - Fallen Angels (Varg Veum - Falne Engler)', 'pretium nisl ut volutpat sapien arcu sed augue aliquam erat volutpat'),
(50, 'Belles on Their Toes', 'pretium nisl ut volutpat sapien arcu sed augue aliquam erat volutpat in'),
(51, 'Transistor Love Story (Monrak Transistor)', 'integer pede justo lacinia eget tincidunt eget tempus vel pede morbi porttitor lorem id ligula suspendisse ornare'),
(52, 'Texas Rangers', 'lectus vestibulum quam sapien varius ut blandit non interdum in ante vestibulum ante'),
(53, 'The Army', 'nulla nisl nunc nisl duis bibendum felis sed interdum venenatis turpis enim blandit mi in porttitor pede justo'),
(54, 'King - Jari Litmanen, The (Kuningas Litmanen)', 'convallis nulla neque libero convallis eget eleifend luctus ultricies eu nibh quisque id justo sit'),
(55, 'One-Way Ticket to Mombasa (Menolippu Mombasaan)', 'amet consectetuer adipiscing elit proin interdum mauris non ligula pellentesque ultrices phasellus id sapien'),
(56, 'Donnie Brasco', 'eget vulputate ut ultrices vel augue vestibulum ante ipsum primis in faucibus orci'),
(57, 'Everyday Sunshine:  The Story of Fishbone', 'suspendisse accumsan tortor quis turpis sed ante vivamus tortor duis mattis egestas metus aenean fermentum donec ut mauris'),
(58, 'Man for All Seasons, A', 'ac enim in tempor turpis nec euismod scelerisque quam turpis adipiscing lorem vitae mattis nibh ligula'),
(59, 'Free Willy 3: The Rescue', 'semper rutrum nulla nunc purus phasellus in felis donec semper sapien a libero nam'),
(60, 'Bullet for the General, A (Quién Sabe?)', 'ultrices libero non mattis pulvinar nulla pede ullamcorper augue a suscipit nulla elit ac nulla sed vel enim'),
(61, 'Asylum', 'vestibulum sed magna at nunc commodo placerat praesent blandit nam nulla integer pede justo lacinia eget tincidunt'),
(62, 'Honeydripper', 'tortor duis mattis egestas metus aenean fermentum donec ut mauris eget massa tempor convallis nulla neque libero convallis eget'),
(63, 'Meilleur espoir féminin', 'gravida sem praesent id massa id nisl venenatis lacinia aenean sit amet justo morbi ut odio cras'),
(64, 'Birds of America', 'eleifend luctus ultricies eu nibh quisque id justo sit amet sapien dignissim vestibulum vestibulum ante'),
(65, 'ChromeSkull: Laid to Rest 2', 'nunc rhoncus dui vel sem sed sagittis nam congue risus semper'),
(66, 'Gremlins', 'quis augue luctus tincidunt nulla mollis molestie lorem quisque ut erat curabitur gravida nisi at'),
(67, 'Beetlejuice', 'vivamus metus arcu adipiscing molestie hendrerit at vulputate vitae nisl aenean lectus pellentesque eget nunc donec quis orci eget orci'),
(68, 'At Middleton', 'nam ultrices libero non mattis pulvinar nulla pede ullamcorper augue a suscipit nulla elit ac nulla sed vel'),
(69, 'Guns of the Magnificent Seven', 'vel est donec odio justo sollicitudin ut suscipit a feugiat et eros vestibulum ac est'),
(71, 'Abyss, The', 'odio donec vitae nisi nam ultrices libero non mattis pulvinar nulla pede ullamcorper augue a suscipit'),
(72, 'Roger Dodger', 'sagittis sapien cum sociis natoque penatibus et magnis dis parturient montes nascetur ridiculus mus'),
(73, 'Titicut Follies', 'ultrices erat tortor sollicitudin mi sit amet lobortis sapien sapien non mi integer ac neque duis bibendum morbi non'),
(74, 'Zombie Strippers!', 'quam turpis adipiscing lorem vitae mattis nibh ligula nec sem duis aliquam convallis nunc proin at'),
(75, 'Hunters, The (Jägarna)', 'nisl aenean lectus pellentesque eget nunc donec quis orci eget orci vehicula condimentum'),
(76, 'Tough Enough (Knallhart)', 'nibh quisque id justo sit amet sapien dignissim vestibulum vestibulum ante ipsum primis in faucibus orci luctus et ultrices posuere'),
(77, 'Private Function, A', 'nulla integer pede justo lacinia eget tincidunt eget tempus vel pede morbi porttitor lorem'),
(78, 'Roadside Prophets', 'nunc donec quis orci eget orci vehicula condimentum curabitur in libero'),
(79, 'Lost for Life', 'sit amet eleifend pede libero quis orci nullam molestie nibh in lectus pellentesque at nulla suspendisse potenti'),
(80, 'Cloudy with a Chance of Meatballs', 'morbi quis tortor id nulla ultrices aliquet maecenas leo odio'),
(81, 'Vie en Rose, La (Môme, La)', 'ultrices posuere cubilia curae mauris viverra diam vitae quam suspendisse potenti nullam porttitor lacus at turpis donec'),
(82, 'Modify ', 'leo odio porttitor id consequat in consequat ut nulla sed'),
(83, 'Guarding Tess', 'neque vestibulum eget vulputate ut ultrices vel augue vestibulum ante ipsum primis in faucibus'),
(84, 'Dancing in September', 'turpis enim blandit mi in porttitor pede justo eu massa donec dapibus'),
(85, 'Hawk Is Dying, The', 'vestibulum vestibulum ante ipsum primis in faucibus orci luctus et'),
(86, 'Some Kind of Wonderful', 'ipsum integer a nibh in quis justo maecenas rhoncus aliquam lacus morbi quis'),
(87, 'Pittsburgh', 'maecenas tincidunt lacus at velit vivamus vel nulla eget eros elementum pellentesque quisque porta'),
(88, 'Holy Mountain, The (Montaña sagrada, La)', 'ante ipsum primis in faucibus orci luctus et ultrices posuere cubilia curae nulla dapibus dolor vel est'),
(89, 'Midnight Cowboy', 'pellentesque eget nunc donec quis orci eget orci vehicula condimentum curabitur'),
(90, 'All Dogs Christmas Carol, An', 'morbi ut odio cras mi pede malesuada in imperdiet et commodo vulputate justo in blandit ultrices enim lorem ipsum dolor'),
(91, 'Romeo and Juliet', 'mi in porttitor pede justo eu massa donec dapibus duis at velit eu est'),
(92, 'American Loser (Trainwreck: My Life as an Idiot)', 'sit amet eleifend pede libero quis orci nullam molestie nibh in lectus pellentesque at nulla suspendisse potenti cras in'),
(93, 'Gretchen the Greenhorn', 'ligula suspendisse ornare consequat lectus in est risus auctor sed'),
(94, 'I Hate Mondays, (Nie lubie poniedzialku)', 'lectus in est risus auctor sed tristique in tempus sit'),
(95, 'Snow Cake', 'maecenas leo odio condimentum id luctus nec molestie sed justo pellentesque viverra pede'),
(96, 'Details, The', 'a libero nam dui proin leo odio porttitor id consequat in consequat'),
(97, 'New York in the 50\'s', 'eleifend quam a odio in hac habitasse platea dictumst maecenas ut massa quis augue luctus tincidunt nulla mollis molestie lorem'),
(98, 'Yor, the Hunter from the Future', 'ipsum dolor sit amet consectetuer adipiscing elit proin interdum mauris non ligula pellentesque ultrices phasellus id sapien in sapien iaculis'),
(99, 'Grouse', 'ultrices posuere cubilia curae duis faucibus accumsan odio curabitur convallis duis'),
(100, 'Girl on the Train, The', 'nulla eget eros elementum pellentesque quisque porta volutpat erat quisque erat'),
(101, 'Joshua', 'morbi a ipsum integer a nibh in quis justo maecenas rhoncus aliquam lacus morbi quis tortor id nulla'),
(102, 'Love, Wedding, Marriage', 'at feugiat non pretium quis lectus suspendisse potenti in eleifend quam a odio in'),
(103, 'Young and the Damned, The (Olvidados, Los)', 'morbi sem mauris laoreet ut rhoncus aliquet pulvinar sed nisl nunc rhoncus dui vel sem'),
(104, 'Silence, The (Das letzte Schweigen)', 'ante nulla justo aliquam quis turpis eget elit sodales scelerisque'),
(105, 'Marfa Girl', 'montes nascetur ridiculus mus etiam vel augue vestibulum rutrum rutrum neque aenean auctor gravida'),
(106, 'Thirty Day Princess', 'sem praesent id massa id nisl venenatis lacinia aenean sit amet justo morbi ut odio cras mi pede malesuada'),
(107, 'Dirty Dozen, The: The Fatal Mission', 'suspendisse ornare consequat lectus in est risus auctor sed tristique in tempus sit amet sem fusce'),
(108, 'This So-Called Disaster', 'proin interdum mauris non ligula pellentesque ultrices phasellus id sapien in sapien iaculis'),
(109, 'Coming Down the Mountain', 'ipsum praesent blandit lacinia erat vestibulum sed magna at nunc commodo placerat praesent'),
(110, 'Macheads', 'ligula vehicula consequat morbi a ipsum integer a nibh in quis justo maecenas rhoncus aliquam'),
(111, 'Grave Secrets (Silent Screams)', 'quis odio consequat varius integer ac leo pellentesque ultrices mattis odio donec vitae nisi nam ultrices libero non mattis'),
(112, 'Dakota Skye', 'dis parturient montes nascetur ridiculus mus etiam vel augue vestibulum rutrum rutrum neque aenean auctor gravida sem'),
(113, 'Inn of Evil (Inochi bô ni furô)', 'posuere nonummy integer non velit donec diam neque vestibulum eget vulputate ut'),
(114, 'American Psycho II: All American Girl', 'erat quisque erat eros viverra eget congue eget semper rutrum nulla nunc purus'),
(115, 'Son of the Mask', 'et ultrices posuere cubilia curae mauris viverra diam vitae quam suspendisse potenti nullam'),
(116, 'R', 'ut nunc vestibulum ante ipsum primis in faucibus orci luctus et ultrices posuere cubilia'),
(117, 'Knockin\' on Heaven\'s Door', 'id pretium iaculis diam erat fermentum justo nec condimentum neque sapien placerat'),
(118, 'Boricua\'s Bond', 'at nulla suspendisse potenti cras in purus eu magna vulputate luctus cum sociis natoque penatibus et'),
(119, 'X-Men: First Class', 'nulla elit ac nulla sed vel enim sit amet nunc viverra dapibus nulla suscipit ligula in lacus curabitur'),
(120, 'Quintet', 'scelerisque mauris sit amet eros suspendisse accumsan tortor quis turpis sed ante vivamus tortor duis mattis'),
(121, 'Goliath Awaits', 'ipsum praesent blandit lacinia erat vestibulum sed magna at nunc commodo placerat praesent blandit nam nulla integer'),
(122, 'Friend Zone (Pagafantas)', 'habitasse platea dictumst etiam faucibus cursus urna ut tellus nulla ut erat id mauris vulputate elementum'),
(123, 'Life\'s a Breeze', 'sit amet sem fusce consequat nulla nisl nunc nisl duis bibendum'),
(124, 'Summer Magic', 'dolor sit amet consectetuer adipiscing elit proin interdum mauris non ligula pellentesque ultrices phasellus id'),
(125, 'Tomboy', 'libero convallis eget eleifend luctus ultricies eu nibh quisque id'),
(126, 'Beatdown', 'congue elementum in hac habitasse platea dictumst morbi vestibulum velit'),
(127, 'Toast', 'augue vestibulum rutrum rutrum neque aenean auctor gravida sem praesent id massa id nisl venenatis lacinia aenean sit amet justo'),
(128, 'Saragossa Manuscript, The (Rekopis znaleziony w Saragossie)', 'orci luctus et ultrices posuere cubilia curae mauris viverra diam vitae quam suspendisse'),
(129, 'Ruby Gentry', 'id nulla ultrices aliquet maecenas leo odio condimentum id luctus nec molestie'),
(130, 'See No Evil', 'vestibulum ac est lacinia nisi venenatis tristique fusce congue diam id ornare imperdiet sapien urna pretium nisl ut volutpat'),
(131, 'Big Boys Gone Bananas!*', 'id turpis integer aliquet massa id lobortis convallis tortor risus dapibus augue vel accumsan tellus nisi eu orci mauris lacinia'),
(132, 'White Hunter, Black Heart', 'ipsum integer a nibh in quis justo maecenas rhoncus aliquam lacus morbi quis'),
(133, 'Beyond a Reasonable Doubt', 'facilisi cras non velit nec nisi vulputate nonummy maecenas tincidunt lacus at velit vivamus vel nulla eget eros'),
(134, 'Solo Sunny', 'est quam pharetra magna ac consequat metus sapien ut nunc vestibulum ante ipsum primis in faucibus orci luctus et'),
(135, 'Fugitive Kind, The', 'vel ipsum praesent blandit lacinia erat vestibulum sed magna at nunc commodo placerat praesent blandit nam nulla integer'),
(136, 'Ticked-Off Trannies with Knives', 'pellentesque volutpat dui maecenas tristique est et tempus semper est quam pharetra'),
(137, 'Kapitalism: Our Improved Formula (Kapitalism - Reteta noastra secreta)', 'est congue elementum in hac habitasse platea dictumst morbi vestibulum'),
(138, 'I Am Maria (Jag är Maria)', 'iaculis diam erat fermentum justo nec condimentum neque sapien placerat ante'),
(139, 'Morning Glory', 'eros viverra eget congue eget semper rutrum nulla nunc purus'),
(140, 'Movie Days (Bíódagar)', 'non mattis pulvinar nulla pede ullamcorper augue a suscipit nulla elit ac nulla sed vel'),
(141, 'I Am Fishead', 'ultrices mattis odio donec vitae nisi nam ultrices libero non mattis pulvinar nulla pede ullamcorper augue a suscipit nulla elit'),
(142, 'Non-Stop', 'porta volutpat quam pede lobortis ligula sit amet eleifend pede libero quis orci nullam molestie'),
(143, 'Clique, The', 'est congue elementum in hac habitasse platea dictumst morbi vestibulum velit id'),
(144, 'Fugitive Pieces', 'volutpat dui maecenas tristique est et tempus semper est quam pharetra magna ac consequat metus'),
(145, 'Last Exit to Brooklyn', 'curabitur in libero ut massa volutpat convallis morbi odio odio elementum eu interdum eu tincidunt in'),
(146, 'Lost Honor of Katharina Blum, The (Verlorene Ehre der Katharina Blum oder: Wie Gewalt entstehen und wohin sie führen kann, Die)', 'cursus urna ut tellus nulla ut erat id mauris vulputate elementum nullam varius nulla facilisi cras non velit'),
(147, 'Woodsman and the Rain (Kitsutsuki to ame)', 'posuere nonummy integer non velit donec diam neque vestibulum eget vulputate ut ultrices vel augue vestibulum ante ipsum primis in'),
(148, 'Divorce - Italian Style (Divorzio all\'italiana)', 'vestibulum velit id pretium iaculis diam erat fermentum justo nec'),
(149, 'Kukuli', 'vestibulum sit amet cursus id turpis integer aliquet massa id lobortis convallis tortor'),
(150, 'Lady and the Tramp II: Scamp\'s Adventure', 'velit nec nisi vulputate nonummy maecenas tincidunt lacus at velit vivamus vel nulla eget'),
(151, 'Tarzan and the Lost City', 'placerat ante nulla justo aliquam quis turpis eget elit sodales scelerisque mauris sit amet eros suspendisse accumsan'),
(152, 'Adventures of Don Juan', 'neque aenean auctor gravida sem praesent id massa id nisl venenatis lacinia aenean sit'),
(153, 'Life After People', 'dui maecenas tristique est et tempus semper est quam pharetra magna ac consequat metus sapien ut nunc vestibulum'),
(154, 'King\'s Speech, The', 'purus eu magna vulputate luctus cum sociis natoque penatibus et magnis dis parturient montes nascetur ridiculus mus vivamus'),
(155, 'Goodbye Charlie', 'nunc nisl duis bibendum felis sed interdum venenatis turpis enim blandit'),
(156, 'Call Northside 777', 'lectus in est risus auctor sed tristique in tempus sit amet sem'),
(157, 'Cold Mountain', 'ornare imperdiet sapien urna pretium nisl ut volutpat sapien arcu sed augue aliquam erat volutpat in congue'),
(158, 'Three Colors: Blue (Trois couleurs: Bleu)', 'non mattis pulvinar nulla pede ullamcorper augue a suscipit nulla elit ac nulla sed vel enim sit amet'),
(159, 'Detachment', 'pulvinar nulla pede ullamcorper augue a suscipit nulla elit ac nulla sed vel enim sit'),
(160, 'Romeo and Juliet', 'leo rhoncus sed vestibulum sit amet cursus id turpis integer aliquet massa id lobortis convallis tortor risus'),
(161, 'Täynnä Tarmoa', 'at dolor quis odio consequat varius integer ac leo pellentesque ultrices'),
(162, 'Angels Over Broadway', 'turpis integer aliquet massa id lobortis convallis tortor risus dapibus augue'),
(163, 'Mother Knows Best', 'vitae quam suspendisse potenti nullam porttitor lacus at turpis donec posuere metus vitae ipsum aliquam non mauris morbi non lectus'),
(164, 'Jewel Robbery', 'lacus morbi quis tortor id nulla ultrices aliquet maecenas leo odio condimentum'),
(165, 'Babysitting', 'enim blandit mi in porttitor pede justo eu massa donec dapibus'),
(166, 'Water-mirror of Granada', 'nibh in hac habitasse platea dictumst aliquam augue quam sollicitudin vitae consectetuer eget rutrum at'),
(167, 'Ciao Bella', 'augue vestibulum ante ipsum primis in faucibus orci luctus et'),
(168, 'Holiday Inn', 'pede libero quis orci nullam molestie nibh in lectus pellentesque at nulla suspendisse potenti cras in purus eu magna'),
(169, 'John Wick', 'ligula sit amet eleifend pede libero quis orci nullam molestie nibh in lectus pellentesque at nulla suspendisse potenti cras'),
(170, 'Escape from the Planet of the Apes', 'volutpat convallis morbi odio odio elementum eu interdum eu tincidunt in leo maecenas pulvinar lobortis est phasellus sit amet'),
(171, 'Mystery of Picasso, The (Le mystère Picasso)', 'sem duis aliquam convallis nunc proin at turpis a pede posuere nonummy integer non velit donec diam neque vestibulum eget'),
(172, 'Necessities of Life, The (Ce qu\'il faut pour vivre)', 'justo morbi ut odio cras mi pede malesuada in imperdiet et commodo vulputate justo in blandit ultrices'),
(173, 'Monster in the Closet', 'at velit vivamus vel nulla eget eros elementum pellentesque quisque porta volutpat erat'),
(174, 'Mouse That Roared, The', 'phasellus in felis donec semper sapien a libero nam dui proin leo'),
(175, 'Corporation, The', 'non mattis pulvinar nulla pede ullamcorper augue a suscipit nulla elit ac nulla sed vel'),
(176, 'The Body', 'sit amet sem fusce consequat nulla nisl nunc nisl duis'),
(177, 'King of Kings, The', 'at velit eu est congue elementum in hac habitasse platea dictumst morbi vestibulum velit id pretium iaculis diam'),
(178, 'Army Brats (Schatjes!)', 'ultrices vel augue vestibulum ante ipsum primis in faucibus orci luctus et ultrices posuere cubilia curae donec pharetra magna vestibulum'),
(179, 'The Party', 'etiam faucibus cursus urna ut tellus nulla ut erat id mauris vulputate elementum nullam varius'),
(180, 'Buck Privates', 'convallis morbi odio odio elementum eu interdum eu tincidunt in leo maecenas'),
(181, 'Shanghai Surprise', 'rhoncus dui vel sem sed sagittis nam congue risus semper porta volutpat quam pede lobortis ligula sit amet eleifend'),
(182, 'Fast Five (Fast and the Furious 5, The)', 'mus etiam vel augue vestibulum rutrum rutrum neque aenean auctor gravida sem'),
(183, 'Standing Aside, Watching', 'mauris eget massa tempor convallis nulla neque libero convallis eget eleifend luctus ultricies eu nibh quisque id justo sit amet'),
(184, 'Devil\'s Diary', 'justo etiam pretium iaculis justo in hac habitasse platea dictumst etiam faucibus cursus urna ut tellus nulla ut erat'),
(185, 'Lockdown', 'vel nulla eget eros elementum pellentesque quisque porta volutpat erat'),
(186, 'Remember Me', 'viverra dapibus nulla suscipit ligula in lacus curabitur at ipsum ac tellus semper'),
(187, 'Assassination', 'eleifend donec ut dolor morbi vel lectus in quam fringilla rhoncus mauris enim leo rhoncus sed vestibulum sit amet'),
(188, 'FBI: Frikis buscan incordiar', 'volutpat dui maecenas tristique est et tempus semper est quam pharetra magna ac consequat metus sapien ut nunc'),
(189, 'Penitentiary', 'luctus rutrum nulla tellus in sagittis dui vel nisl duis ac'),
(190, 'Gett: The Trial of Viviane Amsalem', 'nec nisi vulputate nonummy maecenas tincidunt lacus at velit vivamus vel nulla'),
(191, 'Come Early Morning', 'dapibus dolor vel est donec odio justo sollicitudin ut suscipit a'),
(192, 'Woodmans, The', 'nisl aenean lectus pellentesque eget nunc donec quis orci eget orci vehicula condimentum curabitur in libero ut massa volutpat convallis'),
(193, 'Derrida', 'eget vulputate ut ultrices vel augue vestibulum ante ipsum primis'),
(194, 'Pax Americana and the Weaponization of Space', 'ut blandit non interdum in ante vestibulum ante ipsum primis in faucibus orci luctus et ultrices posuere cubilia curae'),
(195, 'Whip It', 'maecenas tincidunt lacus at velit vivamus vel nulla eget eros elementum pellentesque quisque porta volutpat erat quisque erat'),
(196, 'Once in the Life', 'potenti cras in purus eu magna vulputate luctus cum sociis natoque penatibus et magnis'),
(197, 'Private Resort', 'convallis duis consequat dui nec nisi volutpat eleifend donec ut dolor morbi vel lectus in quam fringilla'),
(198, 'Spies Like Us', 'mollis molestie lorem quisque ut erat curabitur gravida nisi at nibh in hac habitasse platea dictumst aliquam augue quam sollicitudin'),
(199, 'Lone Wolf McQuade', 'maecenas rhoncus aliquam lacus morbi quis tortor id nulla ultrices aliquet maecenas leo odio condimentum id luctus nec'),
(200, 'Cheerleader Camp', 'velit vivamus vel nulla eget eros elementum pellentesque quisque porta'),
(201, 'Sex and Death 101', 'non mi integer ac neque duis bibendum morbi non quam nec dui luctus rutrum nulla tellus in sagittis'),
(202, 'Loaded', 'nec nisi volutpat eleifend donec ut dolor morbi vel lectus in'),
(203, 'White Stripes Under Great White Northern Lights, The', 'lacinia erat vestibulum sed magna at nunc commodo placerat praesent blandit nam nulla integer pede justo lacinia eget tincidunt eget'),
(204, 'Climate of Change', 'sapien arcu sed augue aliquam erat volutpat in congue etiam justo etiam pretium iaculis justo'),
(205, 'Party Girl', 'proin interdum mauris non ligula pellentesque ultrices phasellus id sapien in sapien iaculis'),
(206, 'Monkey Trouble', 'vehicula condimentum curabitur in libero ut massa volutpat convallis morbi odio odio elementum'),
(207, 'Miss Representation', 'libero non mattis pulvinar nulla pede ullamcorper augue a suscipit nulla elit'),
(208, 'Uptown Girls', 'volutpat sapien arcu sed augue aliquam erat volutpat in congue etiam justo etiam pretium iaculis'),
(209, 'The Perils of Pauline', 'sit amet sem fusce consequat nulla nisl nunc nisl duis bibendum felis sed'),
(210, 'Isabelle au bois dormant', 'tempus sit amet sem fusce consequat nulla nisl nunc nisl duis bibendum felis sed interdum venenatis turpis'),
(211, 'Let the Right One In (Låt den rätte komma in)', 'pharetra magna vestibulum aliquet ultrices erat tortor sollicitudin mi sit amet lobortis sapien sapien non mi integer ac'),
(212, 'Miss Kicki', 'sit amet justo morbi ut odio cras mi pede malesuada in imperdiet et commodo vulputate justo'),
(213, 'Volver', 'rhoncus aliquet pulvinar sed nisl nunc rhoncus dui vel sem sed sagittis'),
(214, '47 Ronin', 'accumsan odio curabitur convallis duis consequat dui nec nisi volutpat'),
(215, 'Idle Mist (Vana Espuma)', 'lectus aliquam sit amet diam in magna bibendum imperdiet nullam'),
(216, '10 Questions for the Dalai Lama', 'proin leo odio porttitor id consequat in consequat ut nulla sed accumsan felis ut at dolor quis odio consequat varius'),
(217, 'Shootist, The', 'pellentesque ultrices mattis odio donec vitae nisi nam ultrices libero non mattis pulvinar nulla pede ullamcorper'),
(218, 'Slasher', 'lobortis ligula sit amet eleifend pede libero quis orci nullam molestie nibh in lectus pellentesque at'),
(219, 'Appleseed (Appurushîdo)', 'sem praesent id massa id nisl venenatis lacinia aenean sit amet justo morbi ut odio cras mi pede malesuada in'),
(220, 'Only God Knows (Sólo Dios Sabe)', 'nec dui luctus rutrum nulla tellus in sagittis dui vel nisl duis ac nibh fusce lacus purus'),
(221, 'My Man (Mon homme)', 'morbi non quam nec dui luctus rutrum nulla tellus in'),
(222, 'Hidden Blade, The (Kakushi ken oni no tsume)', 'pede malesuada in imperdiet et commodo vulputate justo in blandit ultrices enim lorem ipsum dolor sit'),
(223, 'Julie & Julia', 'parturient montes nascetur ridiculus mus vivamus vestibulum sagittis sapien cum sociis natoque'),
(224, 'Sound of Thunder, A', 'tortor sollicitudin mi sit amet lobortis sapien sapien non mi'),
(225, 'Vieraalla maalla', 'et ultrices posuere cubilia curae mauris viverra diam vitae quam suspendisse potenti nullam porttitor lacus at'),
(226, 'Trailer Park Boys', 'vulputate elementum nullam varius nulla facilisi cras non velit nec nisi vulputate'),
(227, 'Asylum', 'est quam pharetra magna ac consequat metus sapien ut nunc'),
(228, 'The Mask You Live In', 'turpis a pede posuere nonummy integer non velit donec diam neque vestibulum eget vulputate ut ultrices'),
(229, '800 Bullets (800 Balas)', 'nisl nunc rhoncus dui vel sem sed sagittis nam congue risus semper porta volutpat quam pede lobortis'),
(230, 'Black Christmas', 'sit amet nulla quisque arcu libero rutrum ac lobortis vel dapibus at'),
(231, 'After...', 'eu tincidunt in leo maecenas pulvinar lobortis est phasellus sit amet erat nulla tempus vivamus in felis eu sapien cursus'),
(232, 'Distinguished Gentleman, The', 'ultrices posuere cubilia curae nulla dapibus dolor vel est donec odio justo sollicitudin ut suscipit a feugiat et eros vestibulum'),
(233, 'Fata Morgana', 'consequat lectus in est risus auctor sed tristique in tempus sit amet sem fusce consequat nulla nisl'),
(234, 'Krull', 'adipiscing molestie hendrerit at vulputate vitae nisl aenean lectus pellentesque eget nunc donec quis orci eget orci'),
(235, 'Vääpeli Körmy - Taisteluni', 'magna at nunc commodo placerat praesent blandit nam nulla integer pede justo lacinia eget tincidunt eget tempus'),
(236, 'Slim Carter', 'amet sapien dignissim vestibulum vestibulum ante ipsum primis in faucibus orci luctus et ultrices posuere'),
(237, 'Projectionist, The', 'ac consequat metus sapien ut nunc vestibulum ante ipsum primis in faucibus orci luctus et ultrices posuere cubilia'),
(238, 'Swiss Family Robinson', 'ultrices enim lorem ipsum dolor sit amet consectetuer adipiscing elit proin interdum mauris'),
(239, 'Say Anything...', 'auctor gravida sem praesent id massa id nisl venenatis lacinia aenean sit amet justo morbi ut'),
(240, 'Woman Under the Influence, A', 'suspendisse potenti in eleifend quam a odio in hac habitasse platea dictumst maecenas ut massa quis augue luctus tincidunt'),
(241, 'Heroic Purgatory (Rengoku eroica)', 'in hac habitasse platea dictumst morbi vestibulum velit id pretium iaculis diam erat fermentum justo nec'),
(242, 'Viva Cuba', 'vestibulum eget vulputate ut ultrices vel augue vestibulum ante ipsum'),
(243, 'Born to Fight', 'in quam fringilla rhoncus mauris enim leo rhoncus sed vestibulum'),
(244, 'Amityville Curse, The', 'dapibus duis at velit eu est congue elementum in hac'),
(245, 'Lentsu', 'nisl duis bibendum felis sed interdum venenatis turpis enim blandit mi in porttitor pede justo'),
(246, 'Schmatta: Rags to Riches to Rags', 'turpis elementum ligula vehicula consequat morbi a ipsum integer a nibh in'),
(247, 'For Greater Glory: The True Story of Cristiada', 'congue eget semper rutrum nulla nunc purus phasellus in felis donec semper sapien a libero nam'),
(248, 'Crime After Crime', 'orci luctus et ultrices posuere cubilia curae nulla dapibus dolor vel est donec'),
(249, 'Night Terrors', 'lectus aliquam sit amet diam in magna bibendum imperdiet nullam orci'),
(250, '3 Sailors and a Girl (Three Sailors and a Girl)', 'viverra dapibus nulla suscipit ligula in lacus curabitur at ipsum ac tellus semper interdum mauris ullamcorper'),
(251, 'Around the Block', 'aliquam convallis nunc proin at turpis a pede posuere nonummy integer non velit donec diam neque vestibulum eget'),
(252, 'Miracle in Cell No. 7', 'luctus cum sociis natoque penatibus et magnis dis parturient montes nascetur ridiculus'),
(253, 'Molokai (Molokai: The Story of Father Damien)', 'dolor quis odio consequat varius integer ac leo pellentesque ultrices mattis odio donec vitae'),
(254, 'Nemesis 2: Nebula', 'velit donec diam neque vestibulum eget vulputate ut ultrices vel augue'),
(255, 'Mea Maxima Culpa: Silence in the House of God', 'metus arcu adipiscing molestie hendrerit at vulputate vitae nisl aenean lectus pellentesque eget nunc donec quis orci eget'),
(256, 'Robin Hood: Men in Tights', 'integer ac leo pellentesque ultrices mattis odio donec vitae nisi nam ultrices'),
(257, 'Meatballs 4', 'lacus purus aliquet at feugiat non pretium quis lectus suspendisse potenti in eleifend quam a odio in hac habitasse platea'),
(258, 'Christmas Carol: The Musical, A (Christmas Carol, A)', 'quis lectus suspendisse potenti in eleifend quam a odio in hac habitasse platea dictumst maecenas'),
(259, 'Autopsy (Macchie Solari)', 'posuere felis sed lacus morbi sem mauris laoreet ut rhoncus aliquet pulvinar sed nisl nunc rhoncus'),
(260, 'Maximum Conviction', 'volutpat convallis morbi odio odio elementum eu interdum eu tincidunt in leo maecenas pulvinar lobortis est phasellus'),
(261, 'Nightmare City (a.k.a. City of the Walking Dead) (a.k.a. Invasión de los zombies atómicos, La) (Incubo sulla città contaminata)', 'vulputate elementum nullam varius nulla facilisi cras non velit nec nisi vulputate nonummy maecenas'),
(262, 'Chicken Little', 'potenti nullam porttitor lacus at turpis donec posuere metus vitae ipsum aliquam non'),
(263, 'Apparition, The', 'donec odio justo sollicitudin ut suscipit a feugiat et eros'),
(264, 'Gun Shy', 'odio curabitur convallis duis consequat dui nec nisi volutpat eleifend donec ut dolor morbi vel lectus'),
(265, 'Genghis Blues', 'urna pretium nisl ut volutpat sapien arcu sed augue aliquam erat volutpat in congue etiam justo etiam pretium'),
(266, 'Scaramouche', 'ultrices libero non mattis pulvinar nulla pede ullamcorper augue a'),
(267, 'Monkey Trouble', 'congue diam id ornare imperdiet sapien urna pretium nisl ut volutpat sapien'),
(268, 'Slugger\'s Wife, The', 'habitasse platea dictumst morbi vestibulum velit id pretium iaculis diam erat fermentum justo nec condimentum neque sapien placerat ante nulla'),
(269, 'National Lampoon\'s Cattle Call (Cattle Call)', 'congue risus semper porta volutpat quam pede lobortis ligula sit amet eleifend pede libero'),
(270, 'Unloved, The', 'ante ipsum primis in faucibus orci luctus et ultrices posuere cubilia curae nulla dapibus'),
(271, 'Hysterical Blindness', 'lorem ipsum dolor sit amet consectetuer adipiscing elit proin interdum mauris non ligula pellentesque'),
(272, 'Monsieur Ibrahim (Monsieur Ibrahim et les fleurs du Coran)', 'vel lectus in quam fringilla rhoncus mauris enim leo rhoncus sed vestibulum sit amet cursus id turpis'),
(273, 'Not on Your Life (Verdugo, El) (Executioner, The)', 'nascetur ridiculus mus vivamus vestibulum sagittis sapien cum sociis natoque penatibus'),
(274, 'Little Indian, Big City (Un indien dans la ville)', 'eros viverra eget congue eget semper rutrum nulla nunc purus phasellus in felis donec semper sapien a libero nam'),
(275, 'Last Frontier, The', 'natoque penatibus et magnis dis parturient montes nascetur ridiculus mus etiam vel augue vestibulum'),
(276, 'David and Lisa', 'condimentum neque sapien placerat ante nulla justo aliquam quis turpis eget elit sodales scelerisque mauris sit amet'),
(277, 'Two English Girls (Les deux anglaises et le continent)', 'ante vestibulum ante ipsum primis in faucibus orci luctus et ultrices posuere cubilia curae duis faucibus'),
(278, 'Monty Python\'s Life of Brian', 'et ultrices posuere cubilia curae duis faucibus accumsan odio curabitur convallis duis consequat dui nec'),
(279, 'Macbeth', 'luctus et ultrices posuere cubilia curae mauris viverra diam vitae quam'),
(280, 'Drive Me Crazy', 'diam in magna bibendum imperdiet nullam orci pede venenatis non sodales'),
(281, 'Tokyo Decadence (Topâzu)', 'nisi volutpat eleifend donec ut dolor morbi vel lectus in quam fringilla rhoncus'),
(282, 'Last Winter, The', 'luctus et ultrices posuere cubilia curae nulla dapibus dolor vel est donec odio justo sollicitudin ut suscipit'),
(283, 'Star Witness, The', 'gravida nisi at nibh in hac habitasse platea dictumst aliquam augue quam sollicitudin vitae consectetuer eget rutrum at'),
(284, 'Descendant of the Sun (Ri jie)', 'sed vestibulum sit amet cursus id turpis integer aliquet massa id lobortis convallis tortor risus dapibus augue vel'),
(285, 'Slumber Party \'57', 'ut rhoncus aliquet pulvinar sed nisl nunc rhoncus dui vel sem sed'),
(286, 'Rock \'n\' Roll Nightmare', 'rutrum nulla tellus in sagittis dui vel nisl duis ac nibh fusce'),
(287, 'Intervista', 'nunc donec quis orci eget orci vehicula condimentum curabitur in libero ut'),
(288, 'Shutter', 'tempus vel pede morbi porttitor lorem id ligula suspendisse ornare consequat lectus in est risus auctor sed tristique in'),
(289, 'My Avatar and Me (Min Avatar og mig)', 'habitasse platea dictumst morbi vestibulum velit id pretium iaculis diam erat fermentum justo nec condimentum'),
(290, 'Terkel in Trouble (Terkel i knibe)', 'eget vulputate ut ultrices vel augue vestibulum ante ipsum primis in faucibus'),
(291, 'Mum & Dad', 'augue a suscipit nulla elit ac nulla sed vel enim sit amet nunc viverra dapibus nulla suscipit ligula'),
(292, 'Them (Ils)', 'erat vestibulum sed magna at nunc commodo placerat praesent blandit nam nulla integer'),
(293, 'I am Von Höfler (Variation on Werther - Private Hungary 15)', 'justo lacinia eget tincidunt eget tempus vel pede morbi porttitor lorem id ligula suspendisse'),
(294, 'Vivacious Lady', 'consectetuer adipiscing elit proin risus praesent lectus vestibulum quam sapien varius'),
(295, 'House I Live In, The', 'pretium nisl ut volutpat sapien arcu sed augue aliquam erat volutpat in congue etiam'),
(296, 'Train of Life (Train de vie)', 'luctus rutrum nulla tellus in sagittis dui vel nisl duis ac nibh fusce lacus purus aliquet'),
(297, 'Wild Target', 'vel nulla eget eros elementum pellentesque quisque porta volutpat erat quisque erat eros viverra eget congue eget semper rutrum'),
(298, 'Eddy Duchin Story, The', 'nec sem duis aliquam convallis nunc proin at turpis a pede posuere nonummy integer'),
(299, 'Scarlet Pimpernel, The', 'dignissim vestibulum vestibulum ante ipsum primis in faucibus orci luctus et ultrices posuere cubilia curae nulla dapibus dolor'),
(300, 'Gabrielle', 'sapien cum sociis natoque penatibus et magnis dis parturient montes'),
(301, 'Under Our Skin', 'quis odio consequat varius integer ac leo pellentesque ultrices mattis odio donec vitae nisi nam ultrices libero non mattis'),
(302, 'Batman: The Dark Knight Returns, Part 1', 'donec posuere metus vitae ipsum aliquam non mauris morbi non lectus aliquam sit amet diam in magna bibendum imperdiet'),
(303, 'Purpose', 'quam pharetra magna ac consequat metus sapien ut nunc vestibulum ante'),
(304, 'Dead Presidents', 'consequat ut nulla sed accumsan felis ut at dolor quis odio consequat varius integer ac'),
(305, 'American Pie 2', 'a suscipit nulla elit ac nulla sed vel enim sit amet nunc viverra dapibus nulla suscipit'),
(306, 'Next Door (Naboer)', 'quam pharetra magna ac consequat metus sapien ut nunc vestibulum ante ipsum primis in faucibus orci'),
(307, 'Seagull\'s Laughter, The (Mávahlátur)', 'orci vehicula condimentum curabitur in libero ut massa volutpat convallis morbi odio odio elementum'),
(308, 'Nowhere to Run', 'donec odio justo sollicitudin ut suscipit a feugiat et eros vestibulum ac est lacinia nisi venenatis tristique fusce congue diam'),
(309, 'Porky\'s II: The Next Day', 'vestibulum sagittis sapien cum sociis natoque penatibus et magnis dis parturient'),
(310, 'Parking Lot Movie, The', 'natoque penatibus et magnis dis parturient montes nascetur ridiculus mus etiam vel'),
(311, 'Table 7', 'vivamus in felis eu sapien cursus vestibulum proin eu mi nulla ac enim in tempor turpis nec euismod scelerisque quam'),
(312, 'Alois Nebel', 'faucibus orci luctus et ultrices posuere cubilia curae mauris viverra diam vitae quam'),
(313, 'Eyes Without a Face (Yeux sans visage, Les)', 'molestie lorem quisque ut erat curabitur gravida nisi at nibh in hac'),
(314, 'Other Woman, The', 'in faucibus orci luctus et ultrices posuere cubilia curae duis faucibus accumsan odio curabitur convallis duis consequat dui'),
(315, 'Last Chance', 'non quam nec dui luctus rutrum nulla tellus in sagittis dui vel nisl duis ac nibh fusce'),
(316, 'Reckoning, The', 'sit amet eros suspendisse accumsan tortor quis turpis sed ante vivamus tortor'),
(317, 'Dangerous Game', 'pulvinar sed nisl nunc rhoncus dui vel sem sed sagittis nam congue risus semper'),
(318, 'Notebook, The (A nagy füzet)', 'porttitor pede justo eu massa donec dapibus duis at velit eu est'),
(319, 'Larks on a String (Skrivánci na niti)', 'blandit mi in porttitor pede justo eu massa donec dapibus duis at velit eu est congue'),
(320, 'She-Wolf of London', 'imperdiet sapien urna pretium nisl ut volutpat sapien arcu sed augue aliquam'),
(321, 'The Clinic', 'in quam fringilla rhoncus mauris enim leo rhoncus sed vestibulum sit'),
(322, 'Intentions of Murder (a.k.a. Murderous Instincts) (Akai satsui)', 'sem mauris laoreet ut rhoncus aliquet pulvinar sed nisl nunc rhoncus dui vel sem'),
(323, 'So Young (Zhi wo men zhong jiang shi qu de qing chun)', 'quis tortor id nulla ultrices aliquet maecenas leo odio condimentum id luctus'),
(324, 'Rough Night in Jericho', 'parturient montes nascetur ridiculus mus etiam vel augue vestibulum rutrum rutrum neque aenean auctor gravida sem praesent id'),
(325, 'Point Break', 'aenean lectus pellentesque eget nunc donec quis orci eget orci vehicula condimentum curabitur in libero ut massa volutpat convallis morbi'),
(326, 'Left Behind', 'eget elit sodales scelerisque mauris sit amet eros suspendisse accumsan tortor'),
(327, 'Baby Take a Bow', 'ligula suspendisse ornare consequat lectus in est risus auctor sed tristique in tempus sit amet'),
(328, 'Blackwoods', 'sit amet consectetuer adipiscing elit proin risus praesent lectus vestibulum quam'),
(329, 'Elegy', 'eros elementum pellentesque quisque porta volutpat erat quisque erat eros viverra eget congue eget semper rutrum nulla nunc'),
(330, 'Twister', 'in sapien iaculis congue vivamus metus arcu adipiscing molestie hendrerit at vulputate vitae nisl aenean lectus pellentesque eget nunc'),
(331, 'Family Tree (L\'arbre et la forêt)', 'sed justo pellentesque viverra pede ac diam cras pellentesque volutpat dui maecenas tristique est et'),
(332, 'Situation, The', 'convallis eget eleifend luctus ultricies eu nibh quisque id justo sit amet sapien dignissim vestibulum vestibulum ante ipsum'),
(333, 'Major Barbara', 'sodales sed tincidunt eu felis fusce posuere felis sed lacus morbi sem mauris laoreet ut rhoncus aliquet pulvinar'),
(334, 'Lady in White (a.k.a. The Mystery of the Lady in White)', 'fusce posuere felis sed lacus morbi sem mauris laoreet ut rhoncus aliquet pulvinar sed'),
(335, 'Mars Needs Moms', 'dolor vel est donec odio justo sollicitudin ut suscipit a feugiat'),
(336, 'New York Lightboard Record', 'in consequat ut nulla sed accumsan felis ut at dolor quis odio'),
(337, 'Artist, The', 'lectus aliquam sit amet diam in magna bibendum imperdiet nullam orci pede venenatis non sodales sed tincidunt'),
(338, 'New York Lightboard Record', 'morbi non lectus aliquam sit amet diam in magna bibendum imperdiet nullam orci'),
(339, 'Best Defense', 'vitae consectetuer eget rutrum at lorem integer tincidunt ante vel ipsum praesent blandit'),
(340, 'Mean Guns', 'consectetuer eget rutrum at lorem integer tincidunt ante vel ipsum'),
(341, 'Iron Eagle II', 'lacus purus aliquet at feugiat non pretium quis lectus suspendisse potenti in eleifend quam a odio in hac habitasse'),
(342, 'Glass House, The', 'rutrum nulla tellus in sagittis dui vel nisl duis ac nibh fusce lacus purus aliquet at'),
(343, 'Good Man, A (Un buen hombre)', 'nibh in hac habitasse platea dictumst aliquam augue quam sollicitudin vitae consectetuer eget rutrum'),
(344, 'Strawberry Wine', 'augue a suscipit nulla elit ac nulla sed vel enim sit'),
(345, 'Fury', 'adipiscing molestie hendrerit at vulputate vitae nisl aenean lectus pellentesque eget nunc donec quis orci eget orci'),
(346, 'Welcome to Woop-Woop', 'luctus nec molestie sed justo pellentesque viverra pede ac diam cras pellentesque'),
(347, 'Man from Earth, The', 'ipsum aliquam non mauris morbi non lectus aliquam sit amet diam'),
(348, 'Rocket, The', 'morbi odio odio elementum eu interdum eu tincidunt in leo maecenas pulvinar lobortis'),
(349, 'Riddick', 'elementum in hac habitasse platea dictumst morbi vestibulum velit id pretium iaculis diam erat fermentum justo nec'),
(350, 'Everyone\'s Hero', 'quam sapien varius ut blandit non interdum in ante vestibulum ante ipsum primis in faucibus orci luctus et ultrices'),
(351, 'Heaven & Earth', 'mattis egestas metus aenean fermentum donec ut mauris eget massa tempor convallis nulla neque libero convallis eget eleifend luctus'),
(352, 'Bringing Up Bobby', 'at nibh in hac habitasse platea dictumst aliquam augue quam sollicitudin vitae consectetuer eget rutrum at lorem integer tincidunt'),
(353, 'End of Violence, The', 'sapien iaculis congue vivamus metus arcu adipiscing molestie hendrerit at vulputate vitae nisl aenean lectus pellentesque eget nunc donec quis'),
(354, '+1', 'in quis justo maecenas rhoncus aliquam lacus morbi quis tortor id nulla ultrices'),
(355, 'Burglars, The (Le casse)', 'eget eros elementum pellentesque quisque porta volutpat erat quisque erat eros viverra eget congue eget semper rutrum nulla nunc purus'),
(356, 'Out Cold', 'neque aenean auctor gravida sem praesent id massa id nisl venenatis lacinia aenean sit amet justo morbi ut odio'),
(357, 'Chicken, the Fish and the King Crab, The (El pollo, el pez y el cangrejo real)', 'vestibulum sed magna at nunc commodo placerat praesent blandit nam nulla integer pede justo lacinia'),
(358, 'Apartment 4E ', 'nibh in lectus pellentesque at nulla suspendisse potenti cras in purus eu magna vulputate luctus cum sociis natoque penatibus'),
(359, 'Big Sur', 'curae duis faucibus accumsan odio curabitur convallis duis consequat dui'),
(360, 'Walking Dead, The', 'venenatis non sodales sed tincidunt eu felis fusce posuere felis sed lacus morbi sem mauris laoreet ut rhoncus aliquet'),
(361, 'English Vinglish', 'aenean auctor gravida sem praesent id massa id nisl venenatis lacinia aenean sit amet justo morbi ut odio cras mi'),
(362, 'Flesh & Blood', 'proin leo odio porttitor id consequat in consequat ut nulla sed accumsan felis ut at dolor'),
(363, 'Frozen', 'ipsum dolor sit amet consectetuer adipiscing elit proin risus praesent lectus vestibulum quam sapien varius ut blandit non'),
(364, 'Beautiful Ohio', 'eu orci mauris lacinia sapien quis libero nullam sit amet turpis elementum ligula vehicula consequat morbi'),
(365, 'The Beautiful Story', 'ipsum aliquam non mauris morbi non lectus aliquam sit amet diam in magna'),
(366, 'Cabinet of Dr. Caligari, The (Cabinet des Dr. Caligari., Das)', 'sit amet consectetuer adipiscing elit proin interdum mauris non ligula'),
(367, 'Something in the Air (Apres Mai)', 'lectus in est risus auctor sed tristique in tempus sit amet sem fusce consequat'),
(368, 'Prodigal Son, The (Tuhlaajapoika)', 'nunc vestibulum ante ipsum primis in faucibus orci luctus et ultrices posuere cubilia'),
(369, 'Kidnapping Mr. Heineken', 'platea dictumst aliquam augue quam sollicitudin vitae consectetuer eget rutrum at lorem integer tincidunt ante vel ipsum praesent'),
(370, 'Postman, The (Postino, Il)', 'pellentesque eget nunc donec quis orci eget orci vehicula condimentum curabitur in libero ut massa volutpat convallis'),
(371, 'Sign of Leo, The (Signe du lion, Le)', 'mi nulla ac enim in tempor turpis nec euismod scelerisque quam turpis'),
(372, 'Hunter Prey', 'eu nibh quisque id justo sit amet sapien dignissim vestibulum vestibulum ante ipsum primis in faucibus orci luctus'),
(373, 'Bugs Bunny / Road Runner Movie, The (a.k.a. The Great American Chase)', 'pharetra magna vestibulum aliquet ultrices erat tortor sollicitudin mi sit amet lobortis sapien sapien non mi integer ac neque'),
(374, 'Feast II: Sloppy Seconds', 'duis faucibus accumsan odio curabitur convallis duis consequat dui nec nisi volutpat eleifend'),
(375, 'Not Without My Daughter', 'ut nunc vestibulum ante ipsum primis in faucibus orci luctus'),
(376, 'Stage Door', 'tincidunt eget tempus vel pede morbi porttitor lorem id ligula suspendisse ornare consequat lectus in est risus auctor sed tristique'),
(377, 'Leap Year (Año bisiesto)', 'tincidunt lacus at velit vivamus vel nulla eget eros elementum'),
(378, 'Kids Are All Right, The', 'pellentesque ultrices mattis odio donec vitae nisi nam ultrices libero'),
(379, 'White Heat', 'posuere cubilia curae duis faucibus accumsan odio curabitur convallis duis consequat dui nec'),
(380, 'Mandela: Long Walk to Freedom', 'venenatis tristique fusce congue diam id ornare imperdiet sapien urna pretium nisl ut'),
(381, 'Dirty Sanchez: The Movie', 'sed tincidunt eu felis fusce posuere felis sed lacus morbi sem mauris laoreet ut'),
(382, 'Flintstones in Viva Rock Vegas, The', 'ipsum praesent blandit lacinia erat vestibulum sed magna at nunc commodo placerat praesent blandit nam nulla integer pede justo lacinia'),
(383, 'Wedding Weekend, The (Sing Now or Forever Hold Your Peace) (Shut Up and Sing)', 'luctus nec molestie sed justo pellentesque viverra pede ac diam cras'),
(384, 'Fast and the Furious, The', 'vel ipsum praesent blandit lacinia erat vestibulum sed magna at nunc'),
(385, 'About a Boy', 'platea dictumst aliquam augue quam sollicitudin vitae consectetuer eget rutrum at lorem integer tincidunt ante vel ipsum praesent'),
(386, 'Flirtation Walk', 'sit amet eleifend pede libero quis orci nullam molestie nibh in lectus pellentesque'),
(387, 'Will It Snow For Christmas? (Y\'aura-t-il de la neige à Noël?)', 'sit amet eros suspendisse accumsan tortor quis turpis sed ante vivamus tortor duis mattis egestas'),
(388, 'Through the Forest', 'ultrices mattis odio donec vitae nisi nam ultrices libero non mattis pulvinar nulla pede'),
(389, 'Sweet Home Alabama', 'odio condimentum id luctus nec molestie sed justo pellentesque viverra pede'),
(390, 'Prince of Jutland (a.k.a. Royal Deceit)', 'amet justo morbi ut odio cras mi pede malesuada in imperdiet et commodo vulputate'),
(391, 'Incruste, L\' (a.k.a. L\'Incruste, fallait pas le laisser entrer!)', 'amet nunc viverra dapibus nulla suscipit ligula in lacus curabitur at ipsum');
INSERT INTO `uudised` (`id`, `pealkiri`, `uudis`) VALUES
(392, 'Big Shot: Confessions of a Campus Bookie', 'imperdiet nullam orci pede venenatis non sodales sed tincidunt eu felis fusce posuere felis sed lacus morbi'),
(393, 'Five Pennies, The', 'cursus id turpis integer aliquet massa id lobortis convallis tortor risus dapibus augue vel accumsan tellus nisi eu'),
(394, 'Get Educated: Paathshaala', 'sed vestibulum sit amet cursus id turpis integer aliquet massa id lobortis convallis tortor risus dapibus augue vel'),
(395, 'March of the Movies (Film Parade, The)', 'eget vulputate ut ultrices vel augue vestibulum ante ipsum primis in faucibus orci luctus et ultrices posuere cubilia curae'),
(396, 'Dreams That Money Can Buy', 'in hac habitasse platea dictumst aliquam augue quam sollicitudin vitae consectetuer eget rutrum at lorem'),
(397, 'Trouble at Timpetill (Enfants de Timpelbach, Les)', 'faucibus orci luctus et ultrices posuere cubilia curae donec pharetra magna vestibulum aliquet ultrices erat'),
(398, 'Incident at Loch Ness', 'aliquet maecenas leo odio condimentum id luctus nec molestie sed justo pellentesque viverra pede ac diam'),
(399, 'Violet & Daisy', 'eget orci vehicula condimentum curabitur in libero ut massa volutpat convallis morbi'),
(400, 'Year of the Dragon', 'nec nisi volutpat eleifend donec ut dolor morbi vel lectus in quam fringilla rhoncus mauris enim leo rhoncus sed'),
(401, 'Thick-Walled Room, The (Kabe atsuki heya)', 'congue vivamus metus arcu adipiscing molestie hendrerit at vulputate vitae nisl aenean lectus pellentesque eget nunc donec'),
(402, 'Beaches of Agnes, The (Plages d\'Agnès, Les)', 'id consequat in consequat ut nulla sed accumsan felis ut at dolor quis odio'),
(403, 'Holy Wars', 'eget tempus vel pede morbi porttitor lorem id ligula suspendisse ornare consequat lectus in est risus auctor sed'),
(404, 'Garfield: The Movie', 'volutpat sapien arcu sed augue aliquam erat volutpat in congue etiam justo etiam pretium iaculis justo'),
(405, 'Happiness Is a Warm Blanket, Charlie Brown', 'enim leo rhoncus sed vestibulum sit amet cursus id turpis integer'),
(406, 'The Lumière Brothers\' First Films', 'platea dictumst etiam faucibus cursus urna ut tellus nulla ut erat id mauris vulputate elementum nullam varius'),
(407, 'Point Men, The', 'nisi at nibh in hac habitasse platea dictumst aliquam augue quam sollicitudin'),
(408, 'The Adventure of Faustus Bidgood', 'amet eros suspendisse accumsan tortor quis turpis sed ante vivamus'),
(409, 'Venus in Fur (La Vénus à la fourrure)', 'duis aliquam convallis nunc proin at turpis a pede posuere nonummy integer non velit donec diam neque'),
(410, 'Pest, The', 'elit ac nulla sed vel enim sit amet nunc viverra dapibus nulla suscipit ligula in lacus curabitur at'),
(411, 'Space Pirate Captain Harlock: Arcadia of My Youth (Waga seishun no Arcadia)', 'sodales scelerisque mauris sit amet eros suspendisse accumsan tortor quis turpis sed ante'),
(412, 'Grimm Love (Rohtenburg)', 'nam congue risus semper porta volutpat quam pede lobortis ligula sit amet eleifend pede libero quis'),
(413, 'Child\'s Play', 'amet nunc viverra dapibus nulla suscipit ligula in lacus curabitur at ipsum ac tellus semper interdum mauris ullamcorper purus sit'),
(414, 'Berta\'s Motives (Los motivos de Berta: Fantasía de Pubertad)', 'sapien quis libero nullam sit amet turpis elementum ligula vehicula consequat morbi a ipsum integer a nibh in quis justo'),
(415, 'The Pumaman', 'odio curabitur convallis duis consequat dui nec nisi volutpat eleifend donec ut dolor morbi vel lectus in'),
(416, 'Absolute Beginners', 'mauris laoreet ut rhoncus aliquet pulvinar sed nisl nunc rhoncus dui vel sem sed sagittis nam'),
(417, 'Independent, The', 'ut nulla sed accumsan felis ut at dolor quis odio consequat varius integer'),
(418, 'Holy Girl, The (Niña santa, La)', 'feugiat non pretium quis lectus suspendisse potenti in eleifend quam a odio in hac habitasse platea dictumst maecenas'),
(419, 'Sealed Cargo', 'aenean fermentum donec ut mauris eget massa tempor convallis nulla'),
(420, 'Magnificent Obsession', 'viverra diam vitae quam suspendisse potenti nullam porttitor lacus at turpis donec posuere metus vitae'),
(421, 'Bank, The', 'in lectus pellentesque at nulla suspendisse potenti cras in purus eu magna vulputate luctus cum sociis natoque'),
(422, 'Blood Moon', 'in tempor turpis nec euismod scelerisque quam turpis adipiscing lorem vitae mattis nibh'),
(423, 'Human Touch', 'ligula pellentesque ultrices phasellus id sapien in sapien iaculis congue vivamus metus arcu'),
(424, 'Mr. Peabody & Sherman', 'ut ultrices vel augue vestibulum ante ipsum primis in faucibus orci luctus et ultrices'),
(425, 'Scorchers', 'sit amet sem fusce consequat nulla nisl nunc nisl duis bibendum felis sed interdum venenatis turpis enim blandit mi in'),
(426, 'Darkman', 'suspendisse accumsan tortor quis turpis sed ante vivamus tortor duis mattis egestas metus aenean'),
(427, 'You Were Never Lovelier', 'est donec odio justo sollicitudin ut suscipit a feugiat et eros vestibulum ac est lacinia nisi venenatis tristique fusce'),
(428, 'Tenure', 'augue vel accumsan tellus nisi eu orci mauris lacinia sapien quis'),
(429, 'Willard', 'luctus et ultrices posuere cubilia curae donec pharetra magna vestibulum aliquet ultrices erat tortor sollicitudin mi sit amet'),
(430, 'Kolya (Kolja)', 'pharetra magna vestibulum aliquet ultrices erat tortor sollicitudin mi sit amet lobortis sapien'),
(431, 'Hum Tum', 'sed vel enim sit amet nunc viverra dapibus nulla suscipit ligula in lacus curabitur at ipsum ac'),
(432, 'Quatermass 2 (Enemy from Space)', 'suspendisse accumsan tortor quis turpis sed ante vivamus tortor duis mattis egestas metus aenean fermentum donec ut mauris eget'),
(433, 'Golden Compass, The', 'vestibulum sed magna at nunc commodo placerat praesent blandit nam nulla integer pede justo lacinia eget tincidunt'),
(434, 'a/k/a Tommy Chong', 'turpis integer aliquet massa id lobortis convallis tortor risus dapibus augue vel accumsan tellus nisi eu orci mauris lacinia sapien'),
(435, 'Four Feathers, The', 'rhoncus mauris enim leo rhoncus sed vestibulum sit amet cursus id turpis integer aliquet massa'),
(436, 'The Hanoi Hilton', 'vestibulum ante ipsum primis in faucibus orci luctus et ultrices posuere cubilia curae donec pharetra magna vestibulum aliquet ultrices'),
(437, 'Girl on the Train, The', 'odio cras mi pede malesuada in imperdiet et commodo vulputate justo in blandit'),
(438, 'Lilya 4-Ever (Lilja 4-ever)', 'eu sapien cursus vestibulum proin eu mi nulla ac enim in tempor turpis nec euismod scelerisque quam turpis adipiscing lorem'),
(439, 'White Shadows in the South Seas', 'rutrum nulla nunc purus phasellus in felis donec semper sapien a libero nam dui proin leo odio'),
(440, 'Sands of Iwo Jima', 'in imperdiet et commodo vulputate justo in blandit ultrices enim lorem ipsum dolor sit'),
(441, 'Almanya - Welcome to Germany (Almanya - Willkommen in Deutschland)', 'volutpat in congue etiam justo etiam pretium iaculis justo in hac habitasse platea dictumst etiam faucibus cursus urna ut tellus'),
(442, 'Fate of a Man (Sudba cheloveka)', 'suspendisse ornare consequat lectus in est risus auctor sed tristique in tempus sit'),
(443, 'Tell Them Who You Are', 'suspendisse accumsan tortor quis turpis sed ante vivamus tortor duis mattis egestas metus aenean fermentum donec ut mauris eget massa'),
(444, 'Hand Gun', 'scelerisque quam turpis adipiscing lorem vitae mattis nibh ligula nec sem duis aliquam convallis nunc'),
(445, 'Flywheel', 'elementum eu interdum eu tincidunt in leo maecenas pulvinar lobortis est phasellus sit amet erat'),
(446, 'Frankenstein', 'id nisl venenatis lacinia aenean sit amet justo morbi ut odio cras mi pede malesuada in imperdiet et commodo'),
(447, 'Ball of Fire', 'eget tempus vel pede morbi porttitor lorem id ligula suspendisse'),
(448, 'Made of Honor', 'massa donec dapibus duis at velit eu est congue elementum in hac habitasse platea dictumst morbi'),
(449, 'Roommate, The', 'augue luctus tincidunt nulla mollis molestie lorem quisque ut erat curabitur gravida nisi at nibh in hac habitasse'),
(450, '28 Weeks Later', 'justo etiam pretium iaculis justo in hac habitasse platea dictumst etiam'),
(451, 'Fourth Protocol, The', 'tincidunt eget tempus vel pede morbi porttitor lorem id ligula suspendisse ornare consequat lectus in est risus auctor sed'),
(452, 'Nun, The (La religieuse)', 'donec semper sapien a libero nam dui proin leo odio porttitor id'),
(453, 'George Lopez: Tall, Dark & Chicano', 'sapien in sapien iaculis congue vivamus metus arcu adipiscing molestie hendrerit at vulputate vitae'),
(454, 'Amber Alert ', 'aliquam quis turpis eget elit sodales scelerisque mauris sit amet eros suspendisse accumsan tortor quis turpis sed ante'),
(455, 'Dangerous Profession, A', 'neque libero convallis eget eleifend luctus ultricies eu nibh quisque id justo sit amet sapien dignissim vestibulum vestibulum ante ipsum'),
(456, 'Train Ride to Hollywood', 'phasellus in felis donec semper sapien a libero nam dui proin leo odio porttitor id consequat in consequat ut'),
(457, 'Great Freedom No. 7 (Port of Freedom) (Große Freiheit Nr. 7)', 'praesent blandit nam nulla integer pede justo lacinia eget tincidunt eget'),
(458, 'Green Dragon', 'blandit lacinia erat vestibulum sed magna at nunc commodo placerat praesent blandit nam'),
(459, 'Basket Case', 'erat vestibulum sed magna at nunc commodo placerat praesent blandit nam nulla integer pede justo lacinia eget tincidunt'),
(460, 'Kolka Cool', 'amet consectetuer adipiscing elit proin interdum mauris non ligula pellentesque ultrices phasellus id'),
(461, 'Ping Pong', 'sit amet erat nulla tempus vivamus in felis eu sapien'),
(462, 'The Boy Next Door', 'dictumst aliquam augue quam sollicitudin vitae consectetuer eget rutrum at lorem integer tincidunt ante vel ipsum praesent blandit'),
(463, 'Karthik Calling Karthik', 'elit ac nulla sed vel enim sit amet nunc viverra dapibus nulla suscipit ligula in lacus curabitur at'),
(464, 'Sex Up Your Life!', 'commodo vulputate justo in blandit ultrices enim lorem ipsum dolor'),
(465, 'The Body', 'at nulla suspendisse potenti cras in purus eu magna vulputate luctus cum sociis natoque'),
(466, 'King of Jazz', 'in est risus auctor sed tristique in tempus sit amet sem fusce consequat'),
(467, 'Boys: The Sherman Brothers\' Story, The', 'lobortis est phasellus sit amet erat nulla tempus vivamus in felis eu sapien cursus vestibulum proin'),
(468, 'Kid & I, The', 'enim leo rhoncus sed vestibulum sit amet cursus id turpis integer aliquet massa id lobortis convallis tortor risus dapibus augue'),
(469, 'Evilenko', 'felis fusce posuere felis sed lacus morbi sem mauris laoreet ut rhoncus aliquet pulvinar sed nisl nunc rhoncus dui'),
(470, 'Alien Escape', 'sed accumsan felis ut at dolor quis odio consequat varius integer ac'),
(471, 'Cabin in the Woods, The', 'ultrices posuere cubilia curae duis faucibus accumsan odio curabitur convallis duis consequat dui nec'),
(472, '51 Birch Street', 'turpis a pede posuere nonummy integer non velit donec diam neque vestibulum eget vulputate'),
(473, 'Margin Call', 'vestibulum sit amet cursus id turpis integer aliquet massa id lobortis'),
(474, 'High Roller: The Stu Ungar Story', 'duis faucibus accumsan odio curabitur convallis duis consequat dui nec nisi volutpat eleifend'),
(475, 'Slugger\'s Wife, The', 'ut erat curabitur gravida nisi at nibh in hac habitasse platea dictumst'),
(476, 'Fred: The Movie', 'integer ac leo pellentesque ultrices mattis odio donec vitae nisi nam ultrices libero non mattis pulvinar nulla pede'),
(477, 'If God Is Willing and da Creek Don\'t Rise', 'luctus tincidunt nulla mollis molestie lorem quisque ut erat curabitur gravida nisi at nibh in'),
(478, 'Holy Mountain, The (Montaña sagrada, La)', 'interdum mauris non ligula pellentesque ultrices phasellus id sapien in sapien iaculis congue vivamus'),
(479, 'Possible Loves (Amores Possíveis)', 'massa volutpat convallis morbi odio odio elementum eu interdum eu tincidunt in leo maecenas pulvinar lobortis est phasellus'),
(480, 'The Land Before Time VIII: The Big Freeze', 'tortor id nulla ultrices aliquet maecenas leo odio condimentum id luctus nec molestie sed justo pellentesque viverra pede ac'),
(481, 'Pennies from Heaven', 'vestibulum ante ipsum primis in faucibus orci luctus et ultrices posuere cubilia curae duis faucibus accumsan odio curabitur convallis duis'),
(482, 'Mean Girls', 'lorem ipsum dolor sit amet consectetuer adipiscing elit proin interdum mauris non ligula pellentesque ultrices phasellus id sapien in'),
(483, 'Vexille (Bekushiru: 2077 Nihon sakoku)', 'odio odio elementum eu interdum eu tincidunt in leo maecenas pulvinar lobortis est phasellus sit amet erat nulla'),
(484, 'Perils of Gwendoline in the Land of the Yik Yak, The', 'hac habitasse platea dictumst etiam faucibus cursus urna ut tellus nulla ut'),
(485, 'Adam and Dog', 'imperdiet nullam orci pede venenatis non sodales sed tincidunt eu felis fusce posuere felis sed lacus'),
(486, 'Osmosis (Osmose)', 'sollicitudin vitae consectetuer eget rutrum at lorem integer tincidunt ante'),
(487, 'Dug\'s Special Mission', 'ipsum aliquam non mauris morbi non lectus aliquam sit amet diam in magna bibendum imperdiet nullam orci pede venenatis'),
(488, 'Bloomington', 'sit amet diam in magna bibendum imperdiet nullam orci pede venenatis non sodales'),
(489, 'Kind Hearts and Coronets', 'curae mauris viverra diam vitae quam suspendisse potenti nullam porttitor'),
(490, 'Paths of Glory', 'habitasse platea dictumst morbi vestibulum velit id pretium iaculis diam erat'),
(491, 'Barbary Coast Gent (Gold Town) (Honest Thief, The)', 'in consequat ut nulla sed accumsan felis ut at dolor quis odio consequat varius integer ac leo'),
(492, 'Razor\'s Edge, The', 'magna vulputate luctus cum sociis natoque penatibus et magnis dis'),
(493, 'Startup.com', 'id nisl venenatis lacinia aenean sit amet justo morbi ut odio cras mi pede malesuada in imperdiet et commodo'),
(494, 'Juggernaut', 'donec quis orci eget orci vehicula condimentum curabitur in libero ut massa volutpat'),
(495, 'Beast from 20,000 Fathoms, The', 'quam pede lobortis ligula sit amet eleifend pede libero quis'),
(496, 'Comme les 5 doigts de la main', 'in porttitor pede justo eu massa donec dapibus duis at'),
(497, 'Sweethearts', 'sociis natoque penatibus et magnis dis parturient montes nascetur ridiculus mus etiam vel augue vestibulum rutrum rutrum neque aenean auctor'),
(498, '8 Mile', 'donec ut mauris eget massa tempor convallis nulla neque libero convallis eget eleifend'),
(499, 'All Dogs Christmas Carol, An', 'quis orci nullam molestie nibh in lectus pellentesque at nulla suspendisse potenti cras in'),
(500, 'Stickup, The', 'in sapien iaculis congue vivamus metus arcu adipiscing molestie hendrerit at vulputate vitae nisl aenean lectus pellentesque eget nunc'),
(501, 'The UFO Incident', 'sapien ut nunc vestibulum ante ipsum primis in faucibus orci luctus et ultrices posuere cubilia curae mauris'),
(502, 'Strait-Jacket', 'amet sem fusce consequat nulla nisl nunc nisl duis bibendum felis sed interdum venenatis'),
(503, 'Guide for the Married Man, A', 'morbi ut odio cras mi pede malesuada in imperdiet et'),
(504, 'Home Before Dark', 'congue elementum in hac habitasse platea dictumst morbi vestibulum velit id pretium iaculis'),
(505, 'Redes (Fishermen\'s Nets) (Wave, The)', 'est risus auctor sed tristique in tempus sit amet sem fusce consequat nulla nisl nunc nisl duis'),
(506, 'Silmido', 'risus praesent lectus vestibulum quam sapien varius ut blandit non interdum in ante vestibulum ante ipsum primis in faucibus orci'),
(507, 'Ilsa, She Wolf of the SS', 'vestibulum ante ipsum primis in faucibus orci luctus et ultrices posuere cubilia curae duis faucibus accumsan odio curabitur convallis'),
(508, 'Richie Rich', 'non quam nec dui luctus rutrum nulla tellus in sagittis'),
(509, 'Adam & Steve', 'adipiscing molestie hendrerit at vulputate vitae nisl aenean lectus pellentesque eget nunc donec'),
(510, 'Biggles', 'nam ultrices libero non mattis pulvinar nulla pede ullamcorper augue a suscipit nulla elit ac nulla sed vel enim'),
(511, 'Miss Minoes', 'eleifend pede libero quis orci nullam molestie nibh in lectus pellentesque at nulla'),
(512, 'Resan Till Melonia', 'lectus pellentesque at nulla suspendisse potenti cras in purus eu magna vulputate luctus cum sociis natoque'),
(513, 'Submarine X-1', 'vestibulum ante ipsum primis in faucibus orci luctus et ultrices posuere cubilia curae mauris viverra'),
(514, 'It\'s a Disaster', 'dolor sit amet consectetuer adipiscing elit proin interdum mauris non ligula'),
(515, 'Üvegtigris', 'nunc purus phasellus in felis donec semper sapien a libero nam dui proin leo odio porttitor id consequat'),
(516, 'Bodies, Rest & Motion', 'dignissim vestibulum vestibulum ante ipsum primis in faucibus orci luctus et ultrices posuere cubilia curae nulla dapibus'),
(517, 'Merrill\'s Marauders', 'metus vitae ipsum aliquam non mauris morbi non lectus aliquam sit amet diam in magna'),
(518, 'Puppetry of the Penis: Live at the Forum (Puppetry of the Penis: The Ancient Art of Genital Origami)', 'accumsan tortor quis turpis sed ante vivamus tortor duis mattis egestas metus aenean fermentum donec ut'),
(519, 'Etoiles: Dancers of the Paris Opera Ballet (Tout Près des étoiles)', 'lobortis sapien sapien non mi integer ac neque duis bibendum morbi non quam'),
(520, 'Carbon Copy', 'ipsum primis in faucibus orci luctus et ultrices posuere cubilia curae'),
(521, 'Accident on Hill Road', 'dis parturient montes nascetur ridiculus mus etiam vel augue vestibulum rutrum rutrum neque aenean'),
(522, 'Illuminata', 'faucibus accumsan odio curabitur convallis duis consequat dui nec nisi volutpat eleifend donec ut'),
(523, 'Sometimes They Come Back', 'at ipsum ac tellus semper interdum mauris ullamcorper purus sit amet nulla'),
(524, 'Beginning of an Unknown Era (Nachalo nevedomogo veka)', 'sagittis sapien cum sociis natoque penatibus et magnis dis parturient montes nascetur ridiculus mus etiam vel augue vestibulum rutrum'),
(525, 'Quand je serai petit', 'aliquet maecenas leo odio condimentum id luctus nec molestie sed justo pellentesque'),
(526, 'Not on Your Life (Verdugo, El) (Executioner, The)', 'ante ipsum primis in faucibus orci luctus et ultrices posuere cubilia curae mauris'),
(527, 'Song to Remember, A', 'scelerisque quam turpis adipiscing lorem vitae mattis nibh ligula nec'),
(528, 'Turin Horse, The (A Torinói ló)', 'lorem ipsum dolor sit amet consectetuer adipiscing elit proin interdum mauris non ligula'),
(529, 'Broadway Melody, The', 'ullamcorper augue a suscipit nulla elit ac nulla sed vel enim sit amet nunc viverra dapibus nulla suscipit'),
(530, 'Fireworks (Hana-bi)', 'eget massa tempor convallis nulla neque libero convallis eget eleifend luctus ultricies eu nibh quisque'),
(531, 'Detropia', 'felis eu sapien cursus vestibulum proin eu mi nulla ac enim in tempor turpis nec euismod scelerisque quam turpis adipiscing'),
(532, 'That Day (Ce jour-là)', 'metus vitae ipsum aliquam non mauris morbi non lectus aliquam sit amet diam in magna bibendum imperdiet'),
(533, 'Revolutionary Road', 'primis in faucibus orci luctus et ultrices posuere cubilia curae mauris viverra diam'),
(534, 'Day of the Triffids, The', 'ut rhoncus aliquet pulvinar sed nisl nunc rhoncus dui vel'),
(535, 'Tatsumi', 'lacus at velit vivamus vel nulla eget eros elementum pellentesque quisque porta volutpat erat quisque'),
(536, 'Rise of the Guardians', 'nulla ac enim in tempor turpis nec euismod scelerisque quam turpis adipiscing lorem vitae mattis nibh ligula'),
(537, 'Please Vote for Me', 'sagittis sapien cum sociis natoque penatibus et magnis dis parturient montes nascetur ridiculus mus etiam vel augue vestibulum rutrum rutrum'),
(538, 'Fellini\'s Roma (Roma)', 'erat id mauris vulputate elementum nullam varius nulla facilisi cras non velit nec nisi vulputate nonummy'),
(539, 'Busting', 'lacinia aenean sit amet justo morbi ut odio cras mi pede malesuada in imperdiet et commodo vulputate justo'),
(540, 'Bridget Jones\'s Diary', 'morbi quis tortor id nulla ultrices aliquet maecenas leo odio condimentum id luctus nec molestie sed justo pellentesque viverra'),
(541, 'Story of Vernon and Irene Castle, The', 'mus vivamus vestibulum sagittis sapien cum sociis natoque penatibus et'),
(542, 'Year Ago in Winter, A (Im Winter ein Jahr)', 'curae nulla dapibus dolor vel est donec odio justo sollicitudin ut suscipit a feugiat et eros vestibulum ac est'),
(543, 'Après lui', 'quis orci nullam molestie nibh in lectus pellentesque at nulla'),
(544, 'American Gun', 'integer a nibh in quis justo maecenas rhoncus aliquam lacus morbi quis'),
(545, 'Monterey Pop', 'pede morbi porttitor lorem id ligula suspendisse ornare consequat lectus in est'),
(546, 'Faces of Death: Fact or Fiction?', 'montes nascetur ridiculus mus vivamus vestibulum sagittis sapien cum sociis natoque penatibus et magnis'),
(547, 'Great Freedom No. 7 (Port of Freedom) (Große Freiheit Nr. 7)', 'sagittis sapien cum sociis natoque penatibus et magnis dis parturient montes nascetur ridiculus mus etiam'),
(548, 'I Could Never Be Your Woman', 'ultrices posuere cubilia curae mauris viverra diam vitae quam suspendisse potenti nullam porttitor lacus at turpis donec posuere metus'),
(549, 'Four Nights with Anna (Cztery noce z Anna)', 'pulvinar sed nisl nunc rhoncus dui vel sem sed sagittis nam congue risus'),
(550, 'Ripe', 'nulla mollis molestie lorem quisque ut erat curabitur gravida nisi at nibh in hac habitasse platea dictumst aliquam'),
(551, 'Kika', 'venenatis tristique fusce congue diam id ornare imperdiet sapien urna pretium nisl ut'),
(552, 'House of the Spirits, The', 'condimentum neque sapien placerat ante nulla justo aliquam quis turpis'),
(553, '3 Bad Men', 'aliquet ultrices erat tortor sollicitudin mi sit amet lobortis sapien sapien non mi integer ac neque duis bibendum morbi non'),
(554, 'Confessions of a Teenage Drama Queen', 'cras pellentesque volutpat dui maecenas tristique est et tempus semper est quam'),
(555, 'Cape No. 7 (Hái-kak chhit-ho)', 'tortor duis mattis egestas metus aenean fermentum donec ut mauris eget massa'),
(556, 'Loaded', 'nulla dapibus dolor vel est donec odio justo sollicitudin ut suscipit a feugiat et eros vestibulum ac'),
(557, 'Three Men and a Cradle (3 hommes et un couffin)', 'donec ut mauris eget massa tempor convallis nulla neque libero convallis eget eleifend luctus'),
(558, 'Gore Vidal: The United States of Amnesia', 'accumsan odio curabitur convallis duis consequat dui nec nisi volutpat eleifend'),
(559, 'Believe Me', 'vel augue vestibulum ante ipsum primis in faucibus orci luctus et ultrices posuere cubilia curae donec'),
(560, 'Miss Granny', 'morbi quis tortor id nulla ultrices aliquet maecenas leo odio'),
(561, 'Chasing Papi (a.k.a. Papi Chulo)', 'rutrum rutrum neque aenean auctor gravida sem praesent id massa id nisl venenatis lacinia'),
(562, 'Seems Like Old Times', 'faucibus orci luctus et ultrices posuere cubilia curae mauris viverra diam vitae quam suspendisse potenti nullam porttitor lacus'),
(563, 'Erotic Man, The', 'pretium iaculis justo in hac habitasse platea dictumst etiam faucibus cursus urna ut tellus nulla ut erat id mauris'),
(564, 'Easy to Love', 'ut suscipit a feugiat et eros vestibulum ac est lacinia nisi venenatis tristique fusce congue diam id ornare imperdiet sapien'),
(565, 'Z Channel: A Magnificent Obsession', 'dictumst etiam faucibus cursus urna ut tellus nulla ut erat id mauris vulputate elementum'),
(566, 'Last Run, The', 'eget rutrum at lorem integer tincidunt ante vel ipsum praesent blandit lacinia erat vestibulum'),
(567, 'Super 8', 'tempus semper est quam pharetra magna ac consequat metus sapien ut nunc vestibulum ante ipsum primis in faucibus orci'),
(568, 'Predator', 'libero non mattis pulvinar nulla pede ullamcorper augue a suscipit nulla elit'),
(569, 'Sense and Sensibility', 'primis in faucibus orci luctus et ultrices posuere cubilia curae duis faucibus accumsan odio curabitur'),
(570, 'Pompeii', 'vel nisl duis ac nibh fusce lacus purus aliquet at feugiat non pretium'),
(571, 'Four Horsemen', 'vehicula condimentum curabitur in libero ut massa volutpat convallis morbi odio odio elementum eu'),
(572, 'Very British Gangster, A', 'eleifend donec ut dolor morbi vel lectus in quam fringilla rhoncus mauris enim leo'),
(573, 'Loosies', 'nunc proin at turpis a pede posuere nonummy integer non velit'),
(574, 'Sheep Eaters (Lampaansyöjät)', 'ac enim in tempor turpis nec euismod scelerisque quam turpis adipiscing lorem vitae mattis'),
(575, 'Wonderland', 'ipsum primis in faucibus orci luctus et ultrices posuere cubilia'),
(576, 'Sorrow and Joy (Sorg og glæde)', 'et ultrices posuere cubilia curae nulla dapibus dolor vel est donec odio justo'),
(577, 'Gunfight at Dodge City, The', 'tempus vel pede morbi porttitor lorem id ligula suspendisse ornare consequat lectus in est risus auctor sed'),
(578, 'Guess Who', 'dui luctus rutrum nulla tellus in sagittis dui vel nisl duis ac nibh fusce lacus'),
(579, 'Virgin Stripped Bare by Her Bachelors (Oh! Soo-jung)', 'cursus id turpis integer aliquet massa id lobortis convallis tortor'),
(580, 'Comin\' at Ya!', 'venenatis turpis enim blandit mi in porttitor pede justo eu massa donec dapibus duis at velit eu est'),
(581, 'Diary of a Country Priest (Journal d\'un curé de campagne)', 'quam suspendisse potenti nullam porttitor lacus at turpis donec posuere metus'),
(582, 'From Above', 'ante ipsum primis in faucibus orci luctus et ultrices posuere'),
(583, 'The Man Who Could Cheat Death', 'eget nunc donec quis orci eget orci vehicula condimentum curabitur in libero ut massa volutpat convallis morbi odio odio'),
(584, 'Giant', 'proin eu mi nulla ac enim in tempor turpis nec euismod'),
(585, 'Best of Youth, The (La meglio gioventù)', 'odio elementum eu interdum eu tincidunt in leo maecenas pulvinar lobortis est phasellus sit amet'),
(586, 'These Girls', 'vel nisl duis ac nibh fusce lacus purus aliquet at feugiat non pretium quis lectus suspendisse potenti in'),
(587, 'Octopussy', 'ultricies eu nibh quisque id justo sit amet sapien dignissim vestibulum vestibulum ante'),
(588, 'Stuck on You', 'massa id nisl venenatis lacinia aenean sit amet justo morbi ut odio cras mi pede malesuada in imperdiet et'),
(589, 'Berserk: The Golden Age Arc 2 - The Battle for Doldrey', 'nulla ut erat id mauris vulputate elementum nullam varius nulla facilisi'),
(590, 'Polytechnique', 'at velit eu est congue elementum in hac habitasse platea dictumst'),
(591, 'From the Clouds to the Resistance (Dalla nube alla resistenza)', 'id luctus nec molestie sed justo pellentesque viverra pede ac diam cras pellentesque volutpat dui maecenas tristique est'),
(592, 'Wind Rises, The (Kaze tachinu)', 'ultrices erat tortor sollicitudin mi sit amet lobortis sapien sapien non'),
(593, 'Black Moon Rising', 'nascetur ridiculus mus vivamus vestibulum sagittis sapien cum sociis natoque penatibus et magnis dis parturient montes nascetur ridiculus'),
(594, 'Midnight Lace', 'ipsum primis in faucibus orci luctus et ultrices posuere cubilia curae mauris viverra diam vitae quam suspendisse'),
(595, 'Prodigal Son, The (Bai ga jai)', 'libero nam dui proin leo odio porttitor id consequat in'),
(596, 'Killing Floor, The', 'orci eget orci vehicula condimentum curabitur in libero ut massa volutpat convallis morbi odio'),
(597, 'Counterfeiters, The (Le cave se rebiffe)', 'commodo vulputate justo in blandit ultrices enim lorem ipsum dolor sit amet consectetuer adipiscing elit proin interdum mauris non'),
(598, 'Wind with the Gone (El viento se llevó lo qué)', 'at turpis donec posuere metus vitae ipsum aliquam non mauris morbi non lectus'),
(599, 'Rachel Papers, The', 'aliquam lacus morbi quis tortor id nulla ultrices aliquet maecenas leo'),
(600, 'Clockwork Orange, A', 'vel sem sed sagittis nam congue risus semper porta volutpat quam pede'),
(601, 'Autumn Leaves', 'turpis integer aliquet massa id lobortis convallis tortor risus dapibus augue vel accumsan'),
(602, 'Tukkijoella', 'eget rutrum at lorem integer tincidunt ante vel ipsum praesent blandit'),
(603, 'Love in Another Language (Baska Dilde Ask)', 'duis mattis egestas metus aenean fermentum donec ut mauris eget massa tempor convallis nulla neque'),
(604, 'Eagle vs Shark', 'eu mi nulla ac enim in tempor turpis nec euismod'),
(605, 'Elusive Summer of \'68, The (Varljivo leto \'68)', 'in tempus sit amet sem fusce consequat nulla nisl nunc nisl duis bibendum'),
(606, 'Silence, The (Sokout)', 'justo eu massa donec dapibus duis at velit eu est congue elementum in hac habitasse platea dictumst morbi'),
(607, 'Big Clock, The', 'pretium iaculis justo in hac habitasse platea dictumst etiam faucibus cursus urna ut tellus nulla'),
(608, 'Piano Tuner of Earthquakes, The', 'mauris ullamcorper purus sit amet nulla quisque arcu libero rutrum ac lobortis vel dapibus at diam nam'),
(609, 'TWA Flight 800 ', 'leo odio porttitor id consequat in consequat ut nulla sed'),
(610, 'August', 'vel enim sit amet nunc viverra dapibus nulla suscipit ligula in lacus curabitur'),
(611, 'Haunted World of Edward D. Wood Jr., The', 'platea dictumst etiam faucibus cursus urna ut tellus nulla ut erat'),
(612, 'Master of Disguise, The', 'aliquet ultrices erat tortor sollicitudin mi sit amet lobortis sapien sapien non mi integer ac neque duis bibendum'),
(613, 'Time of Eve (Eve no jikan)', 'mauris viverra diam vitae quam suspendisse potenti nullam porttitor lacus at turpis donec posuere'),
(614, 'Desert Heat (Inferno)', 'curae duis faucibus accumsan odio curabitur convallis duis consequat dui nec nisi volutpat eleifend donec ut dolor morbi vel'),
(615, 'Alligator Eyes', 'integer non velit donec diam neque vestibulum eget vulputate ut ultrices vel augue vestibulum ante ipsum'),
(616, 'Basket Case 2', 'nec molestie sed justo pellentesque viverra pede ac diam cras pellentesque'),
(617, 'When Ladies Meet', 'est et tempus semper est quam pharetra magna ac consequat metus sapien ut nunc vestibulum ante ipsum'),
(618, 'The Hire: Powder Keg', 'id turpis integer aliquet massa id lobortis convallis tortor risus dapibus augue vel accumsan tellus'),
(619, '13B', 'in porttitor pede justo eu massa donec dapibus duis at velit'),
(620, 'The Great Raid', 'congue etiam justo etiam pretium iaculis justo in hac habitasse platea dictumst etiam faucibus cursus urna'),
(621, 'Ivory Tower', 'posuere cubilia curae mauris viverra diam vitae quam suspendisse potenti nullam'),
(622, 'These Final Hours', 'dolor morbi vel lectus in quam fringilla rhoncus mauris enim leo rhoncus'),
(623, 'Pandora\'s Box', 'quis justo maecenas rhoncus aliquam lacus morbi quis tortor id nulla ultrices'),
(624, 'The Lost Prince', 'non sodales sed tincidunt eu felis fusce posuere felis sed lacus morbi sem mauris laoreet ut'),
(625, 'Lust for Gold (Duhul aurului)', 'luctus et ultrices posuere cubilia curae donec pharetra magna vestibulum aliquet ultrices erat tortor sollicitudin mi sit amet'),
(626, 'Halloween 4: The Return of Michael Myers', 'metus vitae ipsum aliquam non mauris morbi non lectus aliquam sit amet diam in'),
(627, 'Uptown Saturday Night', 'augue aliquam erat volutpat in congue etiam justo etiam pretium iaculis justo in hac habitasse platea'),
(628, 'Electronic Labyrinth THX 1138 4EB', 'dui nec nisi volutpat eleifend donec ut dolor morbi vel lectus in quam fringilla rhoncus mauris enim leo'),
(629, 'Tom Sawyer', 'consequat ut nulla sed accumsan felis ut at dolor quis odio consequat'),
(630, 'Devil\'s Carnival, The', 'tristique in tempus sit amet sem fusce consequat nulla nisl nunc nisl duis bibendum felis sed interdum venenatis turpis'),
(631, 'Crime Wave', 'non interdum in ante vestibulum ante ipsum primis in faucibus orci luctus et ultrices'),
(632, 'The Police Can\'t Move', 'eu tincidunt in leo maecenas pulvinar lobortis est phasellus sit amet erat nulla tempus vivamus in felis'),
(633, 'Doctor at Sea', 'mauris enim leo rhoncus sed vestibulum sit amet cursus id turpis integer aliquet massa id'),
(634, 'Ted', 'lobortis convallis tortor risus dapibus augue vel accumsan tellus nisi eu orci mauris lacinia sapien quis libero nullam sit'),
(635, 'Grand Masti', 'quam suspendisse potenti nullam porttitor lacus at turpis donec posuere metus vitae ipsum aliquam'),
(636, 'Princess Diaries, The', 'non pretium quis lectus suspendisse potenti in eleifend quam a odio in hac habitasse platea dictumst maecenas ut'),
(637, 'Child of God', 'odio odio elementum eu interdum eu tincidunt in leo maecenas pulvinar lobortis est phasellus sit amet erat'),
(638, 'Jekyll & Hyde... Together Again', 'ut odio cras mi pede malesuada in imperdiet et commodo vulputate justo in'),
(639, '36 fillette', 'eleifend luctus ultricies eu nibh quisque id justo sit amet sapien'),
(640, 'Before Midnight', 'vel pede morbi porttitor lorem id ligula suspendisse ornare consequat lectus in est risus auctor sed tristique in'),
(641, 'Make Like a Thief (Juokse kuin varas)', 'nibh fusce lacus purus aliquet at feugiat non pretium quis lectus suspendisse potenti in eleifend quam a'),
(642, 'Second Chance, The', 'eu interdum eu tincidunt in leo maecenas pulvinar lobortis est phasellus sit amet'),
(643, 'It\'s Pat', 'morbi quis tortor id nulla ultrices aliquet maecenas leo odio condimentum id luctus'),
(644, 'Identification Marks: None (Rysopis) ', 'metus aenean fermentum donec ut mauris eget massa tempor convallis nulla neque libero convallis eget eleifend luctus ultricies eu'),
(645, 'London to Brighton', 'curae nulla dapibus dolor vel est donec odio justo sollicitudin ut suscipit a feugiat et eros vestibulum ac est lacinia'),
(646, 'All Dogs Go to Heaven', 'in ante vestibulum ante ipsum primis in faucibus orci luctus et ultrices posuere cubilia curae duis faucibus'),
(647, 'A Summer in La Goulette', 'dolor quis odio consequat varius integer ac leo pellentesque ultrices mattis odio donec vitae nisi nam'),
(648, 'Sky Murder', 'mollis molestie lorem quisque ut erat curabitur gravida nisi at nibh in hac habitasse platea dictumst aliquam'),
(649, 'Fetching Cody', 'pede ac diam cras pellentesque volutpat dui maecenas tristique est et tempus semper est quam pharetra magna ac'),
(650, 'Chocolate Strawberry Vanilla', 'in est risus auctor sed tristique in tempus sit amet sem fusce consequat nulla nisl nunc nisl'),
(651, 'The Grump', 'sagittis dui vel nisl duis ac nibh fusce lacus purus aliquet at feugiat non pretium quis lectus suspendisse potenti'),
(652, 'Bastards of the Party', 'eget eros elementum pellentesque quisque porta volutpat erat quisque erat eros'),
(653, 'Decline of Western Civilization, The', 'lacinia aenean sit amet justo morbi ut odio cras mi pede malesuada in imperdiet et commodo vulputate justo in'),
(654, 'Serbian Film, A (Srpski film)', 'quis libero nullam sit amet turpis elementum ligula vehicula consequat morbi a'),
(655, 'Bang', 'erat quisque erat eros viverra eget congue eget semper rutrum nulla nunc purus phasellus in felis donec semper'),
(656, 'Aviator\'s Wife, The (La femme de l\'aviateur)', 'in purus eu magna vulputate luctus cum sociis natoque penatibus'),
(657, 'Scream of Fear (a.k.a. Taste of Fear)', 'ut tellus nulla ut erat id mauris vulputate elementum nullam varius nulla facilisi cras non velit nec nisi vulputate nonummy'),
(658, 'Space Movie, The', 'id ornare imperdiet sapien urna pretium nisl ut volutpat sapien'),
(659, 'Charlie Wilson\'s War', 'consectetuer eget rutrum at lorem integer tincidunt ante vel ipsum praesent blandit lacinia'),
(660, 'Kangaroo Jack', 'posuere felis sed lacus morbi sem mauris laoreet ut rhoncus aliquet pulvinar'),
(661, 'Stolen Summer', 'amet consectetuer adipiscing elit proin interdum mauris non ligula pellentesque ultrices phasellus'),
(662, 'Glass-blower\'s Children, The (Glasblåsarns barn)', 'mus etiam vel augue vestibulum rutrum rutrum neque aenean auctor gravida sem praesent id massa'),
(663, 'Summer of \'62 (Cartouches gauloises)', 'augue quam sollicitudin vitae consectetuer eget rutrum at lorem integer tincidunt ante vel ipsum praesent'),
(664, 'Sarah Silverman: Jesus Is Magic', 'posuere nonummy integer non velit donec diam neque vestibulum eget vulputate'),
(665, 'Liberation of L.B. Jones, The', 'vitae ipsum aliquam non mauris morbi non lectus aliquam sit amet diam in magna bibendum imperdiet'),
(666, 'Welcome to the Space Show (Uchû shô e yôkoso)', 'fusce consequat nulla nisl nunc nisl duis bibendum felis sed interdum venenatis turpis enim blandit mi in'),
(667, 'Clean, Shaven', 'donec pharetra magna vestibulum aliquet ultrices erat tortor sollicitudin mi sit amet'),
(668, 'Misunderstood', 'in eleifend quam a odio in hac habitasse platea dictumst maecenas ut massa quis augue luctus tincidunt'),
(669, 'Man Hunt', 'sed augue aliquam erat volutpat in congue etiam justo etiam pretium iaculis justo in hac habitasse'),
(670, 'Sylvia Scarlett', 'magna vestibulum aliquet ultrices erat tortor sollicitudin mi sit amet lobortis sapien sapien non mi integer ac neque duis'),
(671, 'Thanksgiving Family Reunion (National Lampoon\'s Holiday Reunion)', 'ligula suspendisse ornare consequat lectus in est risus auctor sed tristique in tempus sit amet sem fusce'),
(672, 'Kid for Two Farthings, A', 'pede ac diam cras pellentesque volutpat dui maecenas tristique est et tempus semper est quam pharetra magna'),
(673, 'Mad Love', 'non quam nec dui luctus rutrum nulla tellus in sagittis dui'),
(674, 'Easy Rider', 'nonummy integer non velit donec diam neque vestibulum eget vulputate ut ultrices'),
(675, 'Last King of Scotland, The', 'placerat praesent blandit nam nulla integer pede justo lacinia eget tincidunt eget'),
(676, 'Bride Wars', 'vulputate vitae nisl aenean lectus pellentesque eget nunc donec quis orci eget'),
(677, 'Pennies from Heaven', 'massa tempor convallis nulla neque libero convallis eget eleifend luctus ultricies eu nibh quisque id justo sit'),
(678, 'Ghoulies III: Ghoulies Go to College', 'vulputate luctus cum sociis natoque penatibus et magnis dis parturient montes nascetur ridiculus mus vivamus'),
(679, 'Going Hollywood', 'dapibus duis at velit eu est congue elementum in hac habitasse platea dictumst morbi vestibulum velit'),
(680, 'Exhibition', 'nisl ut volutpat sapien arcu sed augue aliquam erat volutpat in congue etiam justo etiam pretium iaculis'),
(681, 'Street Fighter, The (Gekitotsu! Satsujin ken)', 'luctus nec molestie sed justo pellentesque viverra pede ac diam cras pellentesque volutpat dui maecenas tristique est et tempus'),
(682, 'Step Up', 'et magnis dis parturient montes nascetur ridiculus mus etiam vel augue vestibulum'),
(683, 'To Gillian on Her 37th Birthday', 'luctus et ultrices posuere cubilia curae mauris viverra diam vitae quam suspendisse potenti'),
(684, 'Gathering, The', 'vel lectus in quam fringilla rhoncus mauris enim leo rhoncus sed vestibulum sit amet cursus id turpis integer aliquet'),
(685, 'Shaolin Temple 3: Martial Arts of Shaolin (Nan bei Shao Lin) (Martial Arts of Shaolin)', 'fusce lacus purus aliquet at feugiat non pretium quis lectus'),
(686, 'Best of the Badmen', 'posuere cubilia curae mauris viverra diam vitae quam suspendisse potenti'),
(687, 'Gainsbourg (Vie Héroïque)', 'dictumst aliquam augue quam sollicitudin vitae consectetuer eget rutrum at lorem integer tincidunt ante vel ipsum praesent blandit lacinia'),
(688, 'Ballad of the Paper Balloons (a.k.a. Humanity and Paper Balloons) (Ninjô kami fûsen)', 'id turpis integer aliquet massa id lobortis convallis tortor risus dapibus augue vel accumsan tellus nisi eu orci mauris lacinia'),
(689, 'Crusades, The', 'turpis integer aliquet massa id lobortis convallis tortor risus dapibus augue vel accumsan tellus nisi eu orci mauris'),
(690, 'Paper Birds (Pájaros de papel)', 'faucibus cursus urna ut tellus nulla ut erat id mauris vulputate elementum nullam varius nulla facilisi cras non velit nec'),
(691, 'Deterrence', 'nunc viverra dapibus nulla suscipit ligula in lacus curabitur at ipsum ac tellus semper interdum mauris ullamcorper purus'),
(692, 'Quartet', 'donec quis orci eget orci vehicula condimentum curabitur in libero ut massa volutpat convallis morbi odio odio elementum eu'),
(693, 'Moment of Truth, The (Il momento della verità)', 'nullam porttitor lacus at turpis donec posuere metus vitae ipsum aliquam non mauris morbi non'),
(694, 'Football Factory, The', 'vestibulum sit amet cursus id turpis integer aliquet massa id lobortis convallis tortor risus dapibus augue'),
(695, 'Ben-Hur', 'quam fringilla rhoncus mauris enim leo rhoncus sed vestibulum sit amet'),
(696, 'Squaw Man, The', 'vestibulum sagittis sapien cum sociis natoque penatibus et magnis dis parturient montes nascetur'),
(697, 'Bloody Murder 2: Closing Camp', 'nulla quisque arcu libero rutrum ac lobortis vel dapibus at diam nam'),
(698, 'As You Like It', 'sed magna at nunc commodo placerat praesent blandit nam nulla integer pede justo'),
(699, 'Cranford', 'potenti nullam porttitor lacus at turpis donec posuere metus vitae ipsum'),
(700, 'Marine, The', 'suscipit nulla elit ac nulla sed vel enim sit amet nunc viverra dapibus nulla suscipit ligula'),
(701, 'Bad Girl', 'ac est lacinia nisi venenatis tristique fusce congue diam id ornare imperdiet sapien urna pretium nisl ut volutpat'),
(702, 'Kama Sutra: A Tale of Love', 'vel nisl duis ac nibh fusce lacus purus aliquet at feugiat non pretium quis lectus suspendisse'),
(703, 'Melissa P.', 'curabitur in libero ut massa volutpat convallis morbi odio odio elementum eu'),
(704, 'Special Relationship, The', 'quis lectus suspendisse potenti in eleifend quam a odio in hac'),
(705, 'Austenland', 'in felis donec semper sapien a libero nam dui proin leo odio'),
(706, 'Ritz, The', 'leo odio condimentum id luctus nec molestie sed justo pellentesque viverra pede ac diam'),
(707, 'Inquire Within', 'nisl duis bibendum felis sed interdum venenatis turpis enim blandit mi in porttitor pede justo eu massa donec dapibus duis'),
(708, 'Suburbans, The', 'dolor vel est donec odio justo sollicitudin ut suscipit a feugiat et eros vestibulum'),
(709, 'Glass Menagerie, The', 'lobortis ligula sit amet eleifend pede libero quis orci nullam molestie nibh in'),
(710, 'Two Deaths', 'nec nisi vulputate nonummy maecenas tincidunt lacus at velit vivamus'),
(711, 'Who Can Kill a Child? (a.k.a. Island of the Damned) (¿Quién puede matar a un niño?)', 'aliquam quis turpis eget elit sodales scelerisque mauris sit amet'),
(712, 'Joy Ride', 'lacinia sapien quis libero nullam sit amet turpis elementum ligula vehicula consequat morbi a ipsum integer'),
(713, 'Boyz N the Hood', 'accumsan tortor quis turpis sed ante vivamus tortor duis mattis egestas metus aenean fermentum donec ut mauris eget massa'),
(714, 'Easy Money', 'lorem id ligula suspendisse ornare consequat lectus in est risus auctor sed tristique in tempus'),
(715, 'Liverpool', 'accumsan tortor quis turpis sed ante vivamus tortor duis mattis'),
(716, 'Big Jake', 'sed tristique in tempus sit amet sem fusce consequat nulla nisl nunc nisl duis bibendum felis sed interdum'),
(717, 'Bachelor Party', 'imperdiet et commodo vulputate justo in blandit ultrices enim lorem ipsum dolor'),
(718, 'Shaggy Dog, The', 'mi sit amet lobortis sapien sapien non mi integer ac neque'),
(719, 'Results', 'mauris sit amet eros suspendisse accumsan tortor quis turpis sed ante vivamus tortor duis'),
(720, 'Highway Racer', 'odio donec vitae nisi nam ultrices libero non mattis pulvinar nulla pede ullamcorper augue a suscipit nulla elit'),
(721, 'Still Breathing', 'augue luctus tincidunt nulla mollis molestie lorem quisque ut erat curabitur gravida nisi at'),
(722, 'Eye In The Sky (Gun chung)', 'amet eros suspendisse accumsan tortor quis turpis sed ante vivamus tortor duis mattis egestas metus'),
(723, 'Om Jai Jagadish', 'libero quis orci nullam molestie nibh in lectus pellentesque at nulla suspendisse potenti cras'),
(724, 'The Magic Box', 'quam turpis adipiscing lorem vitae mattis nibh ligula nec sem duis aliquam convallis nunc'),
(725, 'Dinner at Eight', 'lobortis ligula sit amet eleifend pede libero quis orci nullam molestie nibh in lectus pellentesque at nulla suspendisse potenti cras'),
(726, 'Breakdown', 'vel nulla eget eros elementum pellentesque quisque porta volutpat erat quisque erat'),
(727, 'Sincerely Yours', 'eu massa donec dapibus duis at velit eu est congue elementum in'),
(728, 'Article 99', 'nulla elit ac nulla sed vel enim sit amet nunc viverra dapibus nulla suscipit ligula in lacus curabitur'),
(729, 'Delivery, The', 'nec molestie sed justo pellentesque viverra pede ac diam cras pellentesque volutpat dui maecenas tristique est et tempus'),
(730, 'D.C.H. (Dil Chahta Hai)', 'turpis enim blandit mi in porttitor pede justo eu massa donec'),
(731, 'God Bless Ozzy Osbourne', 'vulputate nonummy maecenas tincidunt lacus at velit vivamus vel nulla eget eros elementum pellentesque quisque porta volutpat erat quisque'),
(732, 'Bad Men of Missouri', 'orci luctus et ultrices posuere cubilia curae duis faucibus accumsan odio curabitur convallis'),
(733, 'Pooh\'s Heffalump Movie', 'nunc proin at turpis a pede posuere nonummy integer non'),
(734, 'Jolson Story, The', 'cum sociis natoque penatibus et magnis dis parturient montes nascetur'),
(735, 'Hospital', 'sapien varius ut blandit non interdum in ante vestibulum ante ipsum primis in faucibus orci luctus et ultrices posuere cubilia'),
(736, 'Haaveiden kehä', 'morbi non lectus aliquam sit amet diam in magna bibendum imperdiet nullam orci pede'),
(737, 'Meat the Truth', 'justo nec condimentum neque sapien placerat ante nulla justo aliquam quis turpis eget elit sodales scelerisque mauris sit amet'),
(738, 'Bad Boys', 'id mauris vulputate elementum nullam varius nulla facilisi cras non velit nec nisi vulputate nonummy maecenas tincidunt'),
(739, 'Kaksparsh', 'justo sollicitudin ut suscipit a feugiat et eros vestibulum ac est lacinia nisi venenatis tristique fusce congue'),
(740, 'Transcendence', 'vitae nisl aenean lectus pellentesque eget nunc donec quis orci eget orci vehicula condimentum curabitur in libero ut massa volutpat'),
(741, 'State of Grace', 'at turpis donec posuere metus vitae ipsum aliquam non mauris morbi non lectus aliquam sit amet'),
(742, 'Pauly Shore Is Dead', 'phasellus sit amet erat nulla tempus vivamus in felis eu sapien cursus vestibulum proin eu mi nulla ac'),
(743, 'Hearts and Minds', 'leo odio condimentum id luctus nec molestie sed justo pellentesque viverra pede ac diam'),
(744, 'House Arrest', 'eget eros elementum pellentesque quisque porta volutpat erat quisque erat eros viverra'),
(745, 'Don Quixote', 'felis eu sapien cursus vestibulum proin eu mi nulla ac enim in tempor turpis'),
(746, 'Holiday', 'ullamcorper augue a suscipit nulla elit ac nulla sed vel enim sit'),
(747, 'Edward II', 'convallis morbi odio odio elementum eu interdum eu tincidunt in leo maecenas pulvinar lobortis est phasellus sit amet'),
(748, 'Frankenstein Syndrome, The', 'mauris eget massa tempor convallis nulla neque libero convallis eget eleifend luctus ultricies eu nibh quisque id justo sit amet'),
(749, 'Ultraman (Chôhen kaijû eiga: Urutoraman)', 'nec condimentum neque sapien placerat ante nulla justo aliquam quis turpis eget elit sodales scelerisque mauris sit amet eros'),
(750, 'Wishmaster', 'vitae quam suspendisse potenti nullam porttitor lacus at turpis donec posuere metus vitae ipsum aliquam non mauris'),
(751, 'Saints and Soldiers', 'adipiscing lorem vitae mattis nibh ligula nec sem duis aliquam convallis'),
(752, 'American Friends', 'morbi non quam nec dui luctus rutrum nulla tellus in sagittis dui vel nisl duis ac nibh fusce lacus'),
(753, 'Perfect Blue', 'in blandit ultrices enim lorem ipsum dolor sit amet consectetuer adipiscing elit proin interdum mauris non ligula pellentesque ultrices'),
(754, 'Rebound, The', 'ante nulla justo aliquam quis turpis eget elit sodales scelerisque mauris sit amet eros suspendisse'),
(755, 'Taxi 4', 'gravida nisi at nibh in hac habitasse platea dictumst aliquam augue quam sollicitudin vitae consectetuer eget rutrum at'),
(756, 'Seasoning House, The', 'venenatis lacinia aenean sit amet justo morbi ut odio cras mi pede'),
(757, 'Boys, The (Pojat)', 'lacus morbi quis tortor id nulla ultrices aliquet maecenas leo odio condimentum'),
(758, 'My Mother (Ma mère)', 'risus praesent lectus vestibulum quam sapien varius ut blandit non interdum in ante vestibulum'),
(759, 'Gerry', 'turpis elementum ligula vehicula consequat morbi a ipsum integer a nibh in quis justo'),
(760, 'Zenith', 'odio curabitur convallis duis consequat dui nec nisi volutpat eleifend donec ut dolor morbi vel lectus in quam'),
(761, 'Blonde Venus', 'eget vulputate ut ultrices vel augue vestibulum ante ipsum primis in faucibus orci luctus'),
(762, 'Last Voyage, The', 'ut at dolor quis odio consequat varius integer ac leo pellentesque ultrices mattis odio'),
(763, 'Ménilmontant', 'sed interdum venenatis turpis enim blandit mi in porttitor pede justo'),
(764, 'Elizabeth: The Golden Age', 'mollis molestie lorem quisque ut erat curabitur gravida nisi at nibh in hac habitasse platea dictumst aliquam'),
(765, 'Back Soon', 'in est risus auctor sed tristique in tempus sit amet'),
(766, 'Boogie Man: The Lee Atwater Story', 'fusce congue diam id ornare imperdiet sapien urna pretium nisl ut volutpat sapien arcu sed augue'),
(767, 'Day the Fish Came Out, The', 'lorem ipsum dolor sit amet consectetuer adipiscing elit proin risus praesent lectus vestibulum quam sapien varius ut blandit non'),
(768, 'Mercy ', 'libero rutrum ac lobortis vel dapibus at diam nam tristique tortor eu'),
(769, 'Charly', 'vel accumsan tellus nisi eu orci mauris lacinia sapien quis'),
(770, 'Ordinary People', 'nibh in quis justo maecenas rhoncus aliquam lacus morbi quis tortor id nulla ultrices aliquet maecenas leo odio condimentum id'),
(771, 'Hamiltons, The', 'in sapien iaculis congue vivamus metus arcu adipiscing molestie hendrerit'),
(772, 'Return to Peyton Place', 'nullam varius nulla facilisi cras non velit nec nisi vulputate nonummy maecenas tincidunt lacus at velit vivamus vel nulla eget'),
(773, 'Hangman\'s Curse', 'luctus et ultrices posuere cubilia curae donec pharetra magna vestibulum aliquet ultrices erat tortor sollicitudin'),
(774, 'Captive, The (La captive)', 'augue vestibulum ante ipsum primis in faucibus orci luctus et ultrices posuere cubilia curae donec pharetra magna'),
(775, 'Clueless', 'nulla suspendisse potenti cras in purus eu magna vulputate luctus cum sociis natoque penatibus et magnis dis'),
(776, 'Oh Boy (A Coffee in Berlin)', 'libero nam dui proin leo odio porttitor id consequat in consequat ut nulla sed accumsan');
INSERT INTO `uudised` (`id`, `pealkiri`, `uudis`) VALUES
(777, 'Leprechaun 2', 'volutpat sapien arcu sed augue aliquam erat volutpat in congue etiam justo etiam pretium iaculis justo'),
(778, 'Girls! Girls! Girls!', 'sed nisl nunc rhoncus dui vel sem sed sagittis nam congue risus semper porta volutpat quam pede lobortis'),
(779, 'Traitor', 'donec semper sapien a libero nam dui proin leo odio porttitor id consequat in consequat ut'),
(780, 'Cougars, Inc.', 'eu sapien cursus vestibulum proin eu mi nulla ac enim in tempor'),
(781, 'Where the Rivers Flow North', 'sapien ut nunc vestibulum ante ipsum primis in faucibus orci luctus et ultrices posuere cubilia curae mauris viverra'),
(782, 'Barcelona', 'scelerisque quam turpis adipiscing lorem vitae mattis nibh ligula nec sem duis aliquam convallis'),
(783, 'Organization, The', 'augue vestibulum rutrum rutrum neque aenean auctor gravida sem praesent id massa id nisl'),
(784, 'Doodlebug', 'rhoncus aliquet pulvinar sed nisl nunc rhoncus dui vel sem sed sagittis nam congue risus semper porta volutpat'),
(785, 'Felicity', 'est quam pharetra magna ac consequat metus sapien ut nunc'),
(786, 'Rain or Shine', 'in magna bibendum imperdiet nullam orci pede venenatis non sodales sed tincidunt eu felis fusce'),
(787, 'Ace of Hearts, The', 'eu sapien cursus vestibulum proin eu mi nulla ac enim in tempor turpis nec euismod scelerisque'),
(788, 'Sick Girl', 'quam pede lobortis ligula sit amet eleifend pede libero quis orci nullam molestie nibh in lectus pellentesque'),
(789, 'Morning After, The', 'tempus vel pede morbi porttitor lorem id ligula suspendisse ornare consequat'),
(790, 'Trust Me', 'dui proin leo odio porttitor id consequat in consequat ut nulla sed accumsan felis'),
(791, 'Szamanka', 'lorem id ligula suspendisse ornare consequat lectus in est risus auctor sed tristique in tempus sit amet sem'),
(792, 'Hood of Horror', 'in porttitor pede justo eu massa donec dapibus duis at'),
(793, 'London to Brighton', 'cum sociis natoque penatibus et magnis dis parturient montes nascetur ridiculus mus vivamus vestibulum sagittis sapien cum'),
(794, 'High Tech, Low Life', 'justo nec condimentum neque sapien placerat ante nulla justo aliquam quis turpis eget elit'),
(795, 'March of the Movies (Film Parade, The)', 'est donec odio justo sollicitudin ut suscipit a feugiat et eros vestibulum ac'),
(796, 'Fast Food Nation', 'convallis tortor risus dapibus augue vel accumsan tellus nisi eu orci mauris lacinia'),
(797, 'Something the Lord Made', 'proin leo odio porttitor id consequat in consequat ut nulla sed accumsan felis'),
(798, 'I, the Jury', 'odio cras mi pede malesuada in imperdiet et commodo vulputate justo in'),
(799, 'Killer Elite', 'sapien cursus vestibulum proin eu mi nulla ac enim in tempor turpis nec euismod scelerisque quam turpis adipiscing'),
(800, 'Welcome to Mooseport', 'nascetur ridiculus mus etiam vel augue vestibulum rutrum rutrum neque aenean'),
(801, 'Survival Island (Three)', 'lacinia eget tincidunt eget tempus vel pede morbi porttitor lorem id ligula suspendisse ornare consequat lectus in est'),
(802, 'Twilight', 'et magnis dis parturient montes nascetur ridiculus mus etiam vel augue vestibulum rutrum rutrum neque aenean auctor'),
(803, 'Babyfever', 'volutpat convallis morbi odio odio elementum eu interdum eu tincidunt in leo maecenas pulvinar lobortis est phasellus sit amet'),
(804, 'Thief of Paris, The (Le voleur)', 'ac consequat metus sapien ut nunc vestibulum ante ipsum primis in faucibus orci luctus et'),
(805, 'Event Horizon', 'mus vivamus vestibulum sagittis sapien cum sociis natoque penatibus et'),
(806, 'After Last Season', 'ultrices erat tortor sollicitudin mi sit amet lobortis sapien sapien non mi integer ac neque'),
(807, 'Sergeant, The', 'in tempus sit amet sem fusce consequat nulla nisl nunc nisl duis bibendum felis sed'),
(808, 'Mesmerist, The', 'suspendisse accumsan tortor quis turpis sed ante vivamus tortor duis mattis egestas metus aenean fermentum'),
(809, 'Angel Dog', 'at nibh in hac habitasse platea dictumst aliquam augue quam sollicitudin vitae consectetuer eget rutrum at lorem integer tincidunt'),
(810, 'Excess Baggage', 'phasellus id sapien in sapien iaculis congue vivamus metus arcu adipiscing'),
(811, '7 Seconds', 'erat quisque erat eros viverra eget congue eget semper rutrum nulla nunc purus phasellus in felis donec semper sapien a'),
(812, 'Before Your Eyes (Min Dit: The Children of Diyarbakir)', 'vel pede morbi porttitor lorem id ligula suspendisse ornare consequat lectus in est risus auctor sed'),
(813, 'Murderer Lives at Number 21, The (L\'assassin habite... au 21)', 'ac diam cras pellentesque volutpat dui maecenas tristique est et'),
(814, 'Smart Money', 'est phasellus sit amet erat nulla tempus vivamus in felis eu sapien cursus vestibulum proin eu'),
(815, 'Divorce', 'et eros vestibulum ac est lacinia nisi venenatis tristique fusce congue diam id ornare imperdiet sapien urna'),
(816, 'Amador', 'aliquam augue quam sollicitudin vitae consectetuer eget rutrum at lorem integer'),
(817, 'Forty Shades of Blue', 'blandit non interdum in ante vestibulum ante ipsum primis in faucibus orci luctus et ultrices posuere cubilia curae'),
(818, 'City of Lost Souls, The (Hyôryuu-gai)', 'erat nulla tempus vivamus in felis eu sapien cursus vestibulum proin eu mi nulla ac enim in tempor turpis'),
(819, 'Pups', 'convallis morbi odio odio elementum eu interdum eu tincidunt in leo maecenas pulvinar lobortis'),
(820, 'G.I. Joe: Operation Dragonfire', 'mauris non ligula pellentesque ultrices phasellus id sapien in sapien iaculis congue vivamus metus arcu adipiscing molestie'),
(821, 'Run Silent Run Deep', 'risus auctor sed tristique in tempus sit amet sem fusce'),
(822, 'Downloaded', 'nisi vulputate nonummy maecenas tincidunt lacus at velit vivamus vel nulla eget eros elementum pellentesque quisque porta volutpat erat'),
(823, 'Bloodsuckers', 'proin at turpis a pede posuere nonummy integer non velit donec diam neque vestibulum eget vulputate ut ultrices'),
(824, '10th Victim, The (La decima vittima)', 'hac habitasse platea dictumst etiam faucibus cursus urna ut tellus'),
(825, 'Week-End at the Waldorf', 'tristique est et tempus semper est quam pharetra magna ac consequat metus sapien ut nunc vestibulum'),
(826, 'WikiRebels: The Documentary', 'etiam vel augue vestibulum rutrum rutrum neque aenean auctor gravida sem praesent id massa'),
(827, '3 Idiots', 'non ligula pellentesque ultrices phasellus id sapien in sapien iaculis congue vivamus metus arcu adipiscing molestie hendrerit at vulputate vitae'),
(828, 'Ghost Rider: Spirit of Vengeance', 'aliquet pulvinar sed nisl nunc rhoncus dui vel sem sed sagittis nam congue'),
(829, 'Who\'s Your Caddy?', 'sagittis sapien cum sociis natoque penatibus et magnis dis parturient'),
(830, 'Death and the Maiden', 'eu orci mauris lacinia sapien quis libero nullam sit amet turpis elementum ligula vehicula consequat morbi a'),
(831, 'MURDER and murder', 'quis augue luctus tincidunt nulla mollis molestie lorem quisque ut erat curabitur'),
(832, 'Red', 'suspendisse potenti in eleifend quam a odio in hac habitasse platea dictumst maecenas ut massa quis augue luctus tincidunt nulla'),
(833, 'National Lampoon\'s Vacation', 'quisque porta volutpat erat quisque erat eros viverra eget congue eget'),
(834, 'DarkWolf', 'pharetra magna ac consequat metus sapien ut nunc vestibulum ante ipsum primis in faucibus orci luctus et'),
(835, 'Take Shelter', 'nisl duis ac nibh fusce lacus purus aliquet at feugiat non pretium quis lectus suspendisse'),
(836, 'Painted Veil, The', 'enim lorem ipsum dolor sit amet consectetuer adipiscing elit proin'),
(837, 'My Left Foot', 'amet nulla quisque arcu libero rutrum ac lobortis vel dapibus at'),
(838, 'Descent: Part 2, The', 'elementum pellentesque quisque porta volutpat erat quisque erat eros viverra eget congue eget semper rutrum nulla nunc'),
(839, 'Murphy\'s War', 'diam vitae quam suspendisse potenti nullam porttitor lacus at turpis donec posuere metus vitae ipsum aliquam non mauris'),
(840, 'Devil, The (Diabel)', 'tempus semper est quam pharetra magna ac consequat metus sapien ut nunc'),
(841, 'Déjà Vu (Deja Vu)', 'vestibulum eget vulputate ut ultrices vel augue vestibulum ante ipsum primis in faucibus orci luctus et ultrices posuere cubilia curae'),
(842, 'Joe Strummer: The Future Is Unwritten', 'curae duis faucibus accumsan odio curabitur convallis duis consequat dui'),
(843, 'BlinkyTM', 'ipsum aliquam non mauris morbi non lectus aliquam sit amet diam in magna bibendum imperdiet nullam orci'),
(844, 'Sea, The (Hafið)', 'non mauris morbi non lectus aliquam sit amet diam in magna bibendum imperdiet'),
(845, '36 Hours', 'nisl duis bibendum felis sed interdum venenatis turpis enim blandit'),
(846, 'Big Jim McLain', 'nonummy maecenas tincidunt lacus at velit vivamus vel nulla eget eros elementum pellentesque quisque porta volutpat erat quisque'),
(847, 'One False Move', 'ultrices libero non mattis pulvinar nulla pede ullamcorper augue a suscipit nulla elit ac'),
(848, 'Autumn Tale, An (Conte d\'automne)', 'est congue elementum in hac habitasse platea dictumst morbi vestibulum velit id'),
(849, 'Palais royal !', 'fusce congue diam id ornare imperdiet sapien urna pretium nisl ut volutpat'),
(850, 'Division III: Football\'s Finest', 'sapien in sapien iaculis congue vivamus metus arcu adipiscing molestie hendrerit at vulputate vitae nisl aenean lectus pellentesque eget nunc'),
(851, 'Junior Prom', 'in lectus pellentesque at nulla suspendisse potenti cras in purus eu magna'),
(852, 'Payday', 'ligula sit amet eleifend pede libero quis orci nullam molestie nibh in lectus pellentesque at nulla'),
(853, 'Divine Secrets of the Ya-Ya Sisterhood', 'vestibulum ac est lacinia nisi venenatis tristique fusce congue diam id ornare imperdiet sapien'),
(854, 'Song of Ceylon, The', 'gravida sem praesent id massa id nisl venenatis lacinia aenean sit amet justo morbi ut odio cras mi pede'),
(855, 'Big Doll House, The', 'in congue etiam justo etiam pretium iaculis justo in hac'),
(856, 'Strange One, The', 'interdum in ante vestibulum ante ipsum primis in faucibus orci luctus et ultrices'),
(857, 'Incir Reçeli', 'orci eget orci vehicula condimentum curabitur in libero ut massa volutpat'),
(858, 'Woman of the Year', 'libero quis orci nullam molestie nibh in lectus pellentesque at nulla suspendisse potenti cras in purus eu magna vulputate luctus'),
(859, 'Brick', 'odio curabitur convallis duis consequat dui nec nisi volutpat eleifend donec ut dolor morbi vel lectus'),
(860, 'Code Unknown (Code inconnu: Récit incomplet de divers voyages)', 'ante ipsum primis in faucibus orci luctus et ultrices posuere cubilia curae nulla dapibus'),
(861, 'Children Are Watching Us, The (Bambini ci guardano, I)', 'neque aenean auctor gravida sem praesent id massa id nisl venenatis lacinia aenean sit amet justo morbi ut odio'),
(862, 'Electric Dreams', 'mi nulla ac enim in tempor turpis nec euismod scelerisque quam'),
(863, 'L: Change the World', 'sed interdum venenatis turpis enim blandit mi in porttitor pede justo eu massa donec dapibus duis at velit'),
(864, 'Alley Cats, The', 'sapien iaculis congue vivamus metus arcu adipiscing molestie hendrerit at vulputate vitae nisl aenean lectus pellentesque eget nunc'),
(865, 'Frenzy', 'lacus at velit vivamus vel nulla eget eros elementum pellentesque quisque porta volutpat erat quisque erat eros viverra eget'),
(866, 'Splinter', 'in lacus curabitur at ipsum ac tellus semper interdum mauris ullamcorper'),
(867, 'Travelling Salesman', 'rhoncus aliquet pulvinar sed nisl nunc rhoncus dui vel sem sed sagittis'),
(868, 'Three Brave Men', 'nullam porttitor lacus at turpis donec posuere metus vitae ipsum'),
(869, 'Frozen, The', 'neque vestibulum eget vulputate ut ultrices vel augue vestibulum ante ipsum primis in faucibus orci'),
(870, 'Rabbit Without Ears (Keinohrhasen)', 'dui proin leo odio porttitor id consequat in consequat ut nulla'),
(871, 'Second Wind (Le deuxième souffle) (Second Breath)', 'a feugiat et eros vestibulum ac est lacinia nisi venenatis tristique fusce congue diam id'),
(872, 'Long Dark Hall, The', 'metus arcu adipiscing molestie hendrerit at vulputate vitae nisl aenean lectus pellentesque eget nunc donec quis orci eget orci vehicula'),
(873, 'Letters from a Killer', 'quis orci nullam molestie nibh in lectus pellentesque at nulla suspendisse potenti cras in purus eu magna vulputate'),
(874, 'Patience Stone, The', 'praesent lectus vestibulum quam sapien varius ut blandit non interdum in ante vestibulum ante'),
(875, 'Giver, The', 'sit amet erat nulla tempus vivamus in felis eu sapien cursus vestibulum'),
(876, 'Stick It', 'semper rutrum nulla nunc purus phasellus in felis donec semper sapien a libero nam dui proin leo odio'),
(877, 'Deadly Surveillance', 'mauris lacinia sapien quis libero nullam sit amet turpis elementum ligula vehicula consequat morbi a ipsum integer'),
(878, 'Dylan Moran: Monster', 'maecenas tincidunt lacus at velit vivamus vel nulla eget eros elementum pellentesque quisque porta'),
(879, 'Keep Your Distance', 'nulla eget eros elementum pellentesque quisque porta volutpat erat quisque erat eros'),
(880, 'Kitchen Party', 'nam congue risus semper porta volutpat quam pede lobortis ligula sit amet eleifend pede libero'),
(881, 'True Grit', 'consectetuer adipiscing elit proin interdum mauris non ligula pellentesque ultrices phasellus id sapien in sapien iaculis congue vivamus'),
(882, 'South Park: Bigger, Longer and Uncut', 'ultricies eu nibh quisque id justo sit amet sapien dignissim vestibulum vestibulum'),
(883, 'Gitarrmongot', 'sem fusce consequat nulla nisl nunc nisl duis bibendum felis sed interdum venenatis turpis enim'),
(884, 'Big Bad Swim, The', 'tristique est et tempus semper est quam pharetra magna ac consequat metus sapien ut nunc'),
(885, 'Da Vinci Code, The', 'lobortis convallis tortor risus dapibus augue vel accumsan tellus nisi eu orci mauris lacinia sapien'),
(886, 'Satan Bug, The', 'hac habitasse platea dictumst maecenas ut massa quis augue luctus tincidunt nulla mollis'),
(887, 'Demon in My View, A (Der Mann nebenan)', 'vestibulum sagittis sapien cum sociis natoque penatibus et magnis dis parturient montes nascetur ridiculus mus'),
(888, 'Left Hand of God, The', 'nullam porttitor lacus at turpis donec posuere metus vitae ipsum aliquam'),
(889, 'Underworld U.S.A.', 'elit ac nulla sed vel enim sit amet nunc viverra dapibus nulla suscipit ligula in'),
(890, 'Dark Blue World (Tmavomodrý svet)', 'a libero nam dui proin leo odio porttitor id consequat in consequat ut nulla sed accumsan felis ut at'),
(891, 'We the Party', 'aliquet pulvinar sed nisl nunc rhoncus dui vel sem sed sagittis nam congue risus semper porta'),
(892, 'Boy in the Striped Pajamas, The (Boy in the Striped Pyjamas, The)', 'sollicitudin ut suscipit a feugiat et eros vestibulum ac est lacinia nisi'),
(893, 'Brotherhood of the Wolf (Pacte des loups, Le)', 'morbi non lectus aliquam sit amet diam in magna bibendum imperdiet nullam orci pede venenatis non sodales sed'),
(894, 'Punching the Clown', 'nulla integer pede justo lacinia eget tincidunt eget tempus vel pede morbi porttitor lorem id ligula suspendisse ornare consequat'),
(895, 'Nutty Professor, The', 'natoque penatibus et magnis dis parturient montes nascetur ridiculus mus etiam'),
(896, 'Killing Them Softly', 'eros elementum pellentesque quisque porta volutpat erat quisque erat eros'),
(897, 'Stakeout', 'quis orci nullam molestie nibh in lectus pellentesque at nulla suspendisse potenti cras in purus eu magna vulputate'),
(898, 'Angélique, marquise des anges', 'non velit nec nisi vulputate nonummy maecenas tincidunt lacus at velit vivamus'),
(899, 'Bob\'s Birthday', 'odio porttitor id consequat in consequat ut nulla sed accumsan felis ut at dolor quis odio consequat varius'),
(900, 'Born Losers, The', 'sapien non mi integer ac neque duis bibendum morbi non quam'),
(901, 'Bonfire of the Vanities', 'curabitur at ipsum ac tellus semper interdum mauris ullamcorper purus'),
(902, 'Ben X', 'quisque ut erat curabitur gravida nisi at nibh in hac habitasse platea dictumst aliquam augue quam sollicitudin vitae consectetuer eget'),
(903, 'Downeast', 'posuere nonummy integer non velit donec diam neque vestibulum eget vulputate'),
(904, 'Cornelis', 'nullam orci pede venenatis non sodales sed tincidunt eu felis fusce posuere felis'),
(905, 'Wake Up, Ron Burgundy', 'lacinia eget tincidunt eget tempus vel pede morbi porttitor lorem id ligula suspendisse ornare consequat lectus in est risus auctor'),
(906, 'Last Run, The', 'leo maecenas pulvinar lobortis est phasellus sit amet erat nulla tempus vivamus in felis eu'),
(907, 'Theatre of Blood', 'convallis tortor risus dapibus augue vel accumsan tellus nisi eu'),
(908, 'Day & Night', 'mattis odio donec vitae nisi nam ultrices libero non mattis pulvinar nulla pede ullamcorper augue a suscipit'),
(909, 'Great Stone Face, The', 'eget elit sodales scelerisque mauris sit amet eros suspendisse accumsan tortor quis turpis sed ante vivamus tortor duis mattis'),
(910, 'Miss Julie', 'porttitor pede justo eu massa donec dapibus duis at velit eu est'),
(911, 'Giallo', 'cubilia curae duis faucibus accumsan odio curabitur convallis duis consequat dui nec nisi'),
(912, 'Just Buried', 'commodo placerat praesent blandit nam nulla integer pede justo lacinia eget tincidunt eget tempus vel pede morbi porttitor lorem'),
(913, 'Wishing Stairs (Yeogo goedam 3: Yeowoo gyedan)', 'ipsum primis in faucibus orci luctus et ultrices posuere cubilia curae donec pharetra magna vestibulum'),
(914, 'The Clinic', 'purus eu magna vulputate luctus cum sociis natoque penatibus et magnis dis parturient montes nascetur ridiculus'),
(915, 'Snails, The (Escargots, Les)', 'ut volutpat sapien arcu sed augue aliquam erat volutpat in congue etiam justo etiam pretium iaculis justo in'),
(916, 'Wrecked', 'id massa id nisl venenatis lacinia aenean sit amet justo morbi ut odio cras mi pede'),
(917, 'Little Girl Who Lives Down the Lane, The', 'sed vestibulum sit amet cursus id turpis integer aliquet massa id lobortis convallis tortor risus dapibus augue vel accumsan tellus'),
(918, 'Tapped', 'ut erat curabitur gravida nisi at nibh in hac habitasse'),
(919, 'Kidnapping, Caucasian Style (Kavkazskaya plennitsa)', 'lorem integer tincidunt ante vel ipsum praesent blandit lacinia erat vestibulum sed magna at nunc commodo placerat praesent blandit nam'),
(920, 'Harry Brown', 'parturient montes nascetur ridiculus mus vivamus vestibulum sagittis sapien cum sociis natoque penatibus'),
(921, 'Fury', 'sit amet erat nulla tempus vivamus in felis eu sapien cursus vestibulum proin eu mi nulla ac enim in tempor'),
(922, 'Professionals, The', 'at nulla suspendisse potenti cras in purus eu magna vulputate luctus cum sociis natoque penatibus et magnis dis parturient montes'),
(923, 'Nightmare Alley', 'ultrices libero non mattis pulvinar nulla pede ullamcorper augue a suscipit'),
(924, 'Drug War (Du zhan)', 'sit amet sem fusce consequat nulla nisl nunc nisl duis bibendum'),
(925, 'Bangkok Dangerous', 'eu tincidunt in leo maecenas pulvinar lobortis est phasellus sit amet erat nulla tempus vivamus in'),
(926, 'Stupid Boy (Garçon stupide)', 'at nibh in hac habitasse platea dictumst aliquam augue quam sollicitudin vitae consectetuer eget rutrum at lorem'),
(927, 'Alias the Doctor', 'phasellus id sapien in sapien iaculis congue vivamus metus arcu adipiscing molestie hendrerit at'),
(928, 'Our Little Girl', 'a nibh in quis justo maecenas rhoncus aliquam lacus morbi quis tortor id nulla ultrices aliquet'),
(929, 'Caprice', 'congue etiam justo etiam pretium iaculis justo in hac habitasse platea dictumst etiam faucibus cursus urna ut tellus nulla ut'),
(930, 'River, The (He liu)', 'ligula in lacus curabitur at ipsum ac tellus semper interdum mauris ullamcorper purus sit amet'),
(931, 'Painted Veil, The', 'ut dolor morbi vel lectus in quam fringilla rhoncus mauris enim'),
(932, 'Angry Red Planet, The', 'id mauris vulputate elementum nullam varius nulla facilisi cras non velit nec'),
(933, 'Cruel Gun Story (Kenjû zankoku monogatari)', 'morbi non lectus aliquam sit amet diam in magna bibendum imperdiet nullam orci pede venenatis'),
(934, 'Dark Island', 'nibh in quis justo maecenas rhoncus aliquam lacus morbi quis tortor'),
(935, 'Spine Tingler!  The William Castle Story', 'amet turpis elementum ligula vehicula consequat morbi a ipsum integer a nibh in quis justo maecenas rhoncus aliquam lacus'),
(936, 'Monster House', 'morbi odio odio elementum eu interdum eu tincidunt in leo maecenas pulvinar lobortis est phasellus sit amet erat'),
(937, 'Saturday the 14th', 'in ante vestibulum ante ipsum primis in faucibus orci luctus'),
(938, 'Fourth Angel, The', 'erat tortor sollicitudin mi sit amet lobortis sapien sapien non mi integer ac'),
(939, 'Free Radicals:  A History of Experimental Film', 'sapien iaculis congue vivamus metus arcu adipiscing molestie hendrerit at vulputate vitae nisl aenean lectus pellentesque eget nunc donec quis'),
(940, 'Bab\'Aziz -The Prince Who Contemplated His Soul', 'justo in hac habitasse platea dictumst etiam faucibus cursus urna'),
(941, 'Cop Out', 'consequat nulla nisl nunc nisl duis bibendum felis sed interdum venenatis turpis enim blandit mi'),
(942, 'Your Friends and Neighbors', 'a feugiat et eros vestibulum ac est lacinia nisi venenatis tristique fusce congue diam id ornare imperdiet sapien urna pretium'),
(943, 'Lucky', 'odio consequat varius integer ac leo pellentesque ultrices mattis odio donec vitae nisi nam ultrices libero non mattis pulvinar'),
(944, 'Taste the Blood of Dracula', 'nulla ultrices aliquet maecenas leo odio condimentum id luctus nec'),
(945, 'When the Road Bends: Tales of a Gypsy Caravan', 'fusce consequat nulla nisl nunc nisl duis bibendum felis sed interdum venenatis'),
(946, 'Experts, The', 'sed nisl nunc rhoncus dui vel sem sed sagittis nam congue risus semper porta volutpat quam pede lobortis ligula'),
(947, 'Child\'s Christmas in Wales, A', 'sapien non mi integer ac neque duis bibendum morbi non'),
(948, 'Thieves, The (Dodookdeul)', 'donec diam neque vestibulum eget vulputate ut ultrices vel augue vestibulum ante ipsum primis in faucibus orci'),
(949, 'Cry Baby Lane', 'cras mi pede malesuada in imperdiet et commodo vulputate justo in blandit'),
(950, 'Scalphunters, The', 'ut tellus nulla ut erat id mauris vulputate elementum nullam varius nulla facilisi cras non'),
(951, 'Play Misty for Me', 'hendrerit at vulputate vitae nisl aenean lectus pellentesque eget nunc donec quis orci eget orci vehicula condimentum'),
(952, 'Diminished Capacity', 'vestibulum ante ipsum primis in faucibus orci luctus et ultrices'),
(953, 'Filmistaan', 'lacinia aenean sit amet justo morbi ut odio cras mi pede'),
(954, 'Lost in Thailand (Ren zai jiong tu zhi tai jiong)', 'nulla quisque arcu libero rutrum ac lobortis vel dapibus at diam nam tristique tortor'),
(955, 'Dead Next Door, The', 'massa tempor convallis nulla neque libero convallis eget eleifend luctus ultricies eu nibh quisque id justo sit'),
(956, 'Adrenalin: Fear the Rush', 'morbi quis tortor id nulla ultrices aliquet maecenas leo odio condimentum id luctus nec molestie'),
(957, 'Aelita: The Queen of Mars (Aelita)', 'magna vestibulum aliquet ultrices erat tortor sollicitudin mi sit amet lobortis'),
(958, 'My Man Godfrey', 'in hac habitasse platea dictumst etiam faucibus cursus urna ut tellus nulla'),
(959, 'Shanghai Ghetto', 'nunc proin at turpis a pede posuere nonummy integer non'),
(960, 'Wonder Boys', 'duis aliquam convallis nunc proin at turpis a pede posuere nonummy integer non velit donec diam'),
(961, '8 Mile', 'cubilia curae mauris viverra diam vitae quam suspendisse potenti nullam porttitor lacus at turpis donec posuere metus vitae ipsum aliquam'),
(962, 'Merlin', 'sit amet consectetuer adipiscing elit proin interdum mauris non ligula pellentesque ultrices phasellus id sapien in sapien iaculis'),
(963, 'Second Man, The (O Defteros Andras)', 'et ultrices posuere cubilia curae nulla dapibus dolor vel est donec odio justo sollicitudin ut suscipit a feugiat et'),
(964, 'Comradeship (Kameradschaft)', 'id mauris vulputate elementum nullam varius nulla facilisi cras non velit nec'),
(965, 'Sweet Jesus, Preacherman', 'in hac habitasse platea dictumst aliquam augue quam sollicitudin vitae consectetuer eget rutrum'),
(966, 'Crazy Stranger, The (Gadjo Dilo)', 'non lectus aliquam sit amet diam in magna bibendum imperdiet nullam orci pede venenatis'),
(967, 'Clint Eastwood: Out of the Shadows', 'vestibulum sed magna at nunc commodo placerat praesent blandit nam nulla integer pede'),
(968, 'George Carlin: It\'s Bad for Ya!', 'eu sapien cursus vestibulum proin eu mi nulla ac enim'),
(969, 'Behind Enemy Lines', 'at velit eu est congue elementum in hac habitasse platea dictumst morbi vestibulum velit id pretium iaculis diam erat'),
(970, 'Tales of Terror', 'nulla ac enim in tempor turpis nec euismod scelerisque quam turpis adipiscing lorem vitae mattis nibh ligula nec sem'),
(971, 'Bribe, The', 'consequat metus sapien ut nunc vestibulum ante ipsum primis in faucibus orci luctus et ultrices posuere'),
(972, 'Southern Comfort', 'mauris sit amet eros suspendisse accumsan tortor quis turpis sed ante vivamus tortor duis mattis egestas metus'),
(973, 'Game of Death', 'etiam faucibus cursus urna ut tellus nulla ut erat id mauris vulputate elementum'),
(974, 'Wonderland', 'magna bibendum imperdiet nullam orci pede venenatis non sodales sed tincidunt'),
(975, 'Devil and Daniel Webster, The (All That Money Can Buy)', 'pede posuere nonummy integer non velit donec diam neque vestibulum'),
(976, 'Goal! The Dream Begins (Goal!)', 'aliquam convallis nunc proin at turpis a pede posuere nonummy'),
(977, 'BookWars', 'dui nec nisi volutpat eleifend donec ut dolor morbi vel lectus in quam'),
(978, 'Aerial Gunner', 'nunc rhoncus dui vel sem sed sagittis nam congue risus semper porta volutpat quam pede lobortis ligula sit amet eleifend'),
(979, 'King Kong vs. Godzilla (Kingukongu tai Gojira)', 'nulla eget eros elementum pellentesque quisque porta volutpat erat quisque erat eros'),
(980, 'Ghost in the Machine (a.k.a. Deadly Terror)', 'mi nulla ac enim in tempor turpis nec euismod scelerisque quam turpis adipiscing'),
(981, 'Hush... Hush, Sweet Charlotte', 'at nibh in hac habitasse platea dictumst aliquam augue quam sollicitudin vitae consectetuer eget rutrum at lorem integer tincidunt ante'),
(982, 'Gross Anatomy (a.k.a. A Cut Above)', 'elit proin interdum mauris non ligula pellentesque ultrices phasellus id sapien in'),
(983, 'Vicious Kind, The', 'erat fermentum justo nec condimentum neque sapien placerat ante nulla justo aliquam quis turpis'),
(984, 'Sonny', 'pretium quis lectus suspendisse potenti in eleifend quam a odio in hac habitasse platea dictumst maecenas ut massa quis'),
(985, 'I Love You, Beth Cooper', 'lorem ipsum dolor sit amet consectetuer adipiscing elit proin risus praesent lectus vestibulum quam sapien varius ut blandit non interdum'),
(986, 'Die Frau des Frisörs', 'amet nunc viverra dapibus nulla suscipit ligula in lacus curabitur at ipsum ac tellus semper interdum mauris ullamcorper purus'),
(987, 'Life and Times of Allen Ginsberg, The', 'faucibus orci luctus et ultrices posuere cubilia curae nulla dapibus dolor'),
(988, 'Color Me Blood Red', 'vestibulum quam sapien varius ut blandit non interdum in ante vestibulum ante'),
(989, 'The Hound of the Baskervilles', 'elementum ligula vehicula consequat morbi a ipsum integer a nibh in quis justo maecenas rhoncus aliquam lacus morbi'),
(990, 'Doing Time on Maple Drive', 'dolor morbi vel lectus in quam fringilla rhoncus mauris enim leo rhoncus sed vestibulum sit amet cursus id'),
(991, 'Blame It on the Bellboy', 'leo maecenas pulvinar lobortis est phasellus sit amet erat nulla tempus vivamus in felis eu'),
(992, 'Cassandra\'s Dream', 'erat vestibulum sed magna at nunc commodo placerat praesent blandit nam nulla integer pede'),
(993, 'The New Girlfriend', 'dictumst etiam faucibus cursus urna ut tellus nulla ut erat id mauris'),
(994, 'Easy Money', 'sollicitudin ut suscipit a feugiat et eros vestibulum ac est lacinia nisi venenatis tristique fusce congue diam id ornare'),
(995, 'Guard, The', 'feugiat et eros vestibulum ac est lacinia nisi venenatis tristique fusce congue diam id ornare imperdiet sapien urna'),
(996, 'Night to Remember, A', 'quisque porta volutpat erat quisque erat eros viverra eget congue eget semper rutrum nulla nunc purus phasellus in felis'),
(997, 'Two Women', 'quis augue luctus tincidunt nulla mollis molestie lorem quisque ut erat curabitur'),
(998, 'Perfect Man, A', 'habitasse platea dictumst maecenas ut massa quis augue luctus tincidunt nulla mollis'),
(999, 'Young People Fucking (a.k.a. YPF)', 'interdum in ante vestibulum ante ipsum primis in faucibus orci luctus et ultrices posuere cubilia curae duis'),
(1000, 'What the Day Owes the Night', 'non mi integer ac neque duis bibendum morbi non quam nec dui luctus rutrum nulla tellus in sagittis dui vel');

--
-- Indexes for dumped tables
--

--
-- Indexes for table `albumid`
--
ALTER TABLE `albumid`
  ADD PRIMARY KEY (`id`);

--
-- Indexes for table `arved`
--
ALTER TABLE `arved`
  ADD PRIMARY KEY (`id`);

--
-- Indexes for table `hinnangud`
--
ALTER TABLE `hinnangud`
  ADD PRIMARY KEY (`id`),
  ADD KEY `toidukoha_id` (`toidukoha_id`);

--
-- Indexes for table `kasutajad`
--
ALTER TABLE `kasutajad`
  ADD PRIMARY KEY (`id`),
  ADD UNIQUE KEY `kasutajanimi` (`kasutajanimi`);

--
-- Indexes for table `kliendid`
--
ALTER TABLE `kliendid`
  ADD PRIMARY KEY (`id`);

--
-- Indexes for table `toidukohad`
--
ALTER TABLE `toidukohad`
  ADD PRIMARY KEY (`id`);

--
-- Indexes for table `uudised`
--
ALTER TABLE `uudised`
  ADD PRIMARY KEY (`id`);

--
-- AUTO_INCREMENT for dumped tables
--

--
-- AUTO_INCREMENT for table `albumid`
--
ALTER TABLE `albumid`
  MODIFY `id` int NOT NULL AUTO_INCREMENT, AUTO_INCREMENT=107;

--
-- AUTO_INCREMENT for table `arved`
--
ALTER TABLE `arved`
  MODIFY `id` int NOT NULL AUTO_INCREMENT, AUTO_INCREMENT=52;

--
-- AUTO_INCREMENT for table `hinnangud`
--
ALTER TABLE `hinnangud`
  MODIFY `id` int NOT NULL AUTO_INCREMENT, AUTO_INCREMENT=1011;

--
-- AUTO_INCREMENT for table `kasutajad`
--
ALTER TABLE `kasutajad`
  MODIFY `id` int NOT NULL AUTO_INCREMENT, AUTO_INCREMENT=5;

--
-- AUTO_INCREMENT for table `kliendid`
--
ALTER TABLE `kliendid`
  MODIFY `id` int NOT NULL AUTO_INCREMENT, AUTO_INCREMENT=51;

--
-- AUTO_INCREMENT for table `toidukohad`
--
ALTER TABLE `toidukohad`
  MODIFY `id` int NOT NULL AUTO_INCREMENT, AUTO_INCREMENT=53;

--
-- AUTO_INCREMENT for table `uudised`
--
ALTER TABLE `uudised`
  MODIFY `id` int NOT NULL AUTO_INCREMENT, AUTO_INCREMENT=1001;

--
-- Constraints for dumped tables
--

--
-- Constraints for table `hinnangud`
--
ALTER TABLE `hinnangud`
  ADD CONSTRAINT `hinnangud_ibfk_1` FOREIGN KEY (`toidukoha_id`) REFERENCES `toidukohad` (`id`);
COMMIT;

/*!40101 SET CHARACTER_SET_CLIENT=@OLD_CHARACTER_SET_CLIENT */;
/*!40101 SET CHARACTER_SET_RESULTS=@OLD_CHARACTER_SET_RESULTS */;
/*!40101 SET COLLATION_CONNECTION=@OLD_COLLATION_CONNECTION */;
